images/2536.jpg,0,60,0
images/2537.jpg,0,60,0
images/2538.jpg,0,60,0
images/2539.jpg,0,60,0
images/2540.jpg,0,60,0
images/2541.jpg,0,60,0
images/2542.jpg,0,60,0
images/2543.jpg,0,60,0
images/2544.jpg,0,60,0
images/2545.jpg,0,60,0
images/2546.jpg,0,60,0
images/2547.jpg,0,60,0
images/2548.jpg,0,60,0
images/2549.jpg,0,60,0
images/2550.jpg,0,60,0
images/2551.jpg,0,60,0
images/2552.jpg,0,60,0
images/2553.jpg,0,60,0
images/2554.jpg,0,60,0
images/2555.jpg,0,60,0
images/2556.jpg,0,60,0
images/2557.jpg,0,60,0
images/2558.jpg,0,60,0
images/2559.jpg,0,60,0
images/2560.jpg,0,60,0
images/2561.jpg,0,60,0
images/2562.jpg,0,60,0
images/2563.jpg,1,60,0
images/2564.jpg,1,60,0
images/2565.jpg,1,60,0
images/2566.jpg,1,60,0
images/2567.jpg,1,60,0
images/2568.jpg,1,60,0
images/2569.jpg,1,60,0
images/2570.jpg,1,60,0
images/2571.jpg,1,60,0
images/2572.jpg,1,60,0
images/2573.jpg,1,60,0
images/2574.jpg,1,60,0
images/2575.jpg,1,60,0
images/2576.jpg,1,60,0
images/2577.jpg,1,60,0
images/2578.jpg,1,60,0
images/2579.jpg,1,60,0
images/2580.jpg,1,60,0
images/2581.jpg,1,60,0
images/2582.jpg,4,100,0
images/2583.jpg,4,100,0
images/2584.jpg,4,100,0
images/2585.jpg,4,100,0
images/2586.jpg,4,100,0
images/2587.jpg,4,100,0
images/2588.jpg,4,100,0
images/2589.jpg,4,100,0
images/2590.jpg,4,100,0
images/2591.jpg,4,100,0
images/2592.jpg,4,100,0
images/2593.jpg,4,100,0
images/2594.jpg,4,100,0
images/2595.jpg,4,100,0
images/2596.jpg,4,100,0
images/2597.jpg,4,100,0
images/2598.jpg,4,100,0
images/2599.jpg,4,100,0
images/2600.jpg,4,100,0
images/2601.jpg,4,100,0
images/2602.jpg,4,100,0
images/2603.jpg,4,100,0
images/2604.jpg,4,100,0
images/2605.jpg,4,100,0
images/2606.jpg,4,100,0
images/2607.jpg,4,100,0
images/2608.jpg,4,100,0
images/2609.jpg,4,100,0
images/2610.jpg,4,100,0
images/2611.jpg,0,60,0
images/2612.jpg,0,60,0
images/2613.jpg,4,100,0
images/2614.jpg,4,100,0
images/2615.jpg,4,100,0
images/2616.jpg,4,100,0
images/2617.jpg,4,100,0
images/2618.jpg,4,100,0
images/2619.jpg,4,100,0
images/2620.jpg,4,100,0
images/2621.jpg,4,100,0
images/2622.jpg,4,100,0
images/2623.jpg,4,100,0
images/2624.jpg,0,60,0
images/2625.jpg,1,60,0
images/2626.jpg,1,60,0
images/2627.jpg,1,60,0
images/2628.jpg,1,60,0
images/2629.jpg,1,60,0
images/2630.jpg,1,60,0
images/2631.jpg,1,60,0
images/2632.jpg,1,60,0
images/2633.jpg,1,60,0
images/2634.jpg,1,60,0
images/2635.jpg,1,60,0
images/2636.jpg,1,60,0
images/2637.jpg,1,60,0
images/2638.jpg,1,60,0
images/2639.jpg,1,60,0
images/2640.jpg,1,60,0
images/2641.jpg,1,60,0
images/2642.jpg,1,60,0
images/2643.jpg,1,60,0
images/2644.jpg,1,60,0
images/2645.jpg,1,60,0
images/2646.jpg,1,60,0
images/2647.jpg,1,60,0
images/2648.jpg,1,60,0
images/2649.jpg,1,60,0
images/2650.jpg,1,60,0
images/2651.jpg,1,60,0
images/2652.jpg,1,60,0
images/2653.jpg,1,60,0
images/2654.jpg,1,60,0
images/2655.jpg,1,60,0
images/2656.jpg,1,60,0
images/2657.jpg,1,60,0
images/2658.jpg,1,60,0
images/2659.jpg,1,60,0
images/2660.jpg,1,60,0
images/2661.jpg,1,60,0
images/2662.jpg,1,60,0
images/2663.jpg,1,60,0
images/2664.jpg,1,60,0
images/2665.jpg,1,60,0
images/2666.jpg,1,60,0
images/2667.jpg,1,60,0
images/2668.jpg,1,60,0
images/2669.jpg,1,60,0
images/2670.jpg,1,60,0
images/2671.jpg,1,60,0
images/2672.jpg,1,60,0
images/2673.jpg,1,60,0
images/2674.jpg,1,60,0
images/2675.jpg,1,60,0
images/2676.jpg,1,60,0
images/2677.jpg,1,60,0
images/2678.jpg,1,60,0
images/2679.jpg,1,60,0
images/2680.jpg,1,60,0
images/2681.jpg,1,60,0
images/2682.jpg,1,60,0
images/2683.jpg,1,60,0
images/2684.jpg,1,60,0
images/2685.jpg,1,60,0
images/2686.jpg,1,60,0
images/2687.jpg,1,60,0
images/2688.jpg,1,60,0
images/2689.jpg,1,60,0
images/2690.jpg,1,60,0
images/2691.jpg,4,100,0
images/2692.jpg,4,100,0
images/2693.jpg,4,100,0
images/2694.jpg,4,100,0
images/2695.jpg,4,100,0
images/2696.jpg,4,100,0
images/2697.jpg,4,100,0
images/2698.jpg,4,100,0
images/2699.jpg,4,100,0
images/2700.jpg,4,100,0
images/2701.jpg,4,100,0
images/2702.jpg,4,100,0
images/2703.jpg,4,100,0
images/2704.jpg,4,100,0
images/2705.jpg,4,100,0
images/2706.jpg,4,100,0
images/2707.jpg,4,100,0
images/2708.jpg,4,100,0
images/2709.jpg,4,100,0
images/2710.jpg,4,100,0
images/2711.jpg,4,100,0
images/2712.jpg,4,100,0
images/2713.jpg,4,100,0
images/2714.jpg,4,100,0
images/2715.jpg,4,100,0
images/2716.jpg,4,100,0
images/2717.jpg,4,100,0
images/2718.jpg,4,100,0
images/2719.jpg,4,100,0
images/2720.jpg,4,100,0
images/2721.jpg,4,100,0
images/2722.jpg,0,60,0
images/2723.jpg,1,60,0
images/2724.jpg,1,60,0
images/2725.jpg,1,60,0
images/2726.jpg,1,60,0
images/2727.jpg,1,60,0
images/2728.jpg,1,60,0
images/2729.jpg,1,60,0
images/2730.jpg,1,60,0
images/2731.jpg,1,60,0
images/2732.jpg,1,60,0
images/2733.jpg,1,60,0
images/2734.jpg,1,60,0
images/2735.jpg,1,60,0
images/2736.jpg,1,60,0
images/2737.jpg,1,60,0
images/2738.jpg,1,60,0
images/2739.jpg,1,60,0
images/2740.jpg,1,60,0
images/2741.jpg,1,60,0
images/2742.jpg,1,60,0
images/2743.jpg,1,60,0
images/2744.jpg,1,60,0
images/2745.jpg,1,60,0
images/2746.jpg,1,60,0
images/2747.jpg,1,60,0
images/2748.jpg,1,60,0
images/2749.jpg,1,60,0
images/2750.jpg,1,60,0
images/2751.jpg,1,60,0
images/2752.jpg,1,60,0
images/2753.jpg,1,60,0
images/2754.jpg,4,100,0
images/2755.jpg,4,100,0
images/2756.jpg,4,100,0
images/2757.jpg,4,100,0
images/2758.jpg,4,100,0
images/2759.jpg,4,100,0
images/2760.jpg,4,100,0
images/2761.jpg,4,100,0
images/2762.jpg,4,100,0
images/2763.jpg,4,100,0
images/2764.jpg,4,100,0
images/2765.jpg,4,100,0
images/2766.jpg,4,100,0
images/2767.jpg,4,100,0
images/2768.jpg,4,100,0
images/2769.jpg,4,100,0
images/2770.jpg,4,100,0
images/2771.jpg,4,100,0
images/2772.jpg,4,100,0
images/2773.jpg,4,100,0
images/2774.jpg,4,100,0
images/2775.jpg,4,100,0
images/2776.jpg,4,100,0
images/2777.jpg,4,100,0
images/2778.jpg,4,100,0
images/2779.jpg,4,100,0
images/2780.jpg,4,100,0
images/2781.jpg,4,100,0
images/2782.jpg,4,100,0
images/2783.jpg,4,100,0
images/2784.jpg,0,60,0
images/2785.jpg,1,60,0
images/2786.jpg,1,60,0
images/2787.jpg,1,60,0
images/2788.jpg,1,60,0
images/2789.jpg,1,60,0
images/2790.jpg,1,60,0
images/2791.jpg,1,60,0
images/2792.jpg,1,60,0
images/2793.jpg,1,60,0
images/2794.jpg,1,60,0
images/2795.jpg,1,60,0
images/2796.jpg,1,60,0
images/2797.jpg,1,60,0
images/2798.jpg,1,60,0
images/2799.jpg,1,60,0
images/2800.jpg,1,60,0
images/2801.jpg,1,60,0
images/2802.jpg,1,60,0
images/2803.jpg,1,60,0
images/2804.jpg,1,60,0
images/2805.jpg,1,60,0
images/2806.jpg,1,60,0
images/2807.jpg,1,60,0
images/2808.jpg,1,60,0
images/2809.jpg,1,60,0
images/2810.jpg,1,60,0
images/2811.jpg,1,60,0
images/2812.jpg,1,60,0
images/2813.jpg,1,60,0
images/2814.jpg,1,60,0
images/2815.jpg,1,60,0
images/2816.jpg,1,60,0
images/2817.jpg,1,60,0
images/2818.jpg,1,60,0
images/2819.jpg,1,60,0
images/2820.jpg,1,60,0
images/2821.jpg,1,60,0
images/2822.jpg,1,60,0
images/2823.jpg,1,60,0
images/2824.jpg,1,60,0
images/2825.jpg,1,60,0
images/2826.jpg,1,60,0
images/2827.jpg,1,60,0
images/2828.jpg,1,60,0
images/2829.jpg,1,60,0
images/2830.jpg,1,60,0
images/2831.jpg,1,60,0
images/2832.jpg,1,60,0
images/2833.jpg,1,60,0
images/2834.jpg,1,60,0
images/2835.jpg,1,60,0
images/2836.jpg,1,60,0
images/2837.jpg,1,60,0
images/2838.jpg,1,60,0
images/2839.jpg,1,60,0
images/2840.jpg,1,60,0
images/2841.jpg,1,60,0
images/2842.jpg,1,60,0
images/2843.jpg,1,60,0
images/2844.jpg,1,60,0
images/2845.jpg,1,60,0
images/2846.jpg,1,60,0
images/2847.jpg,4,100,0
images/2848.jpg,4,100,0
images/2849.jpg,4,100,0
images/2850.jpg,4,100,0
images/2851.jpg,4,100,0
images/2852.jpg,4,100,0
images/2853.jpg,4,100,0
images/2854.jpg,4,100,0
images/2855.jpg,4,100,0
images/2856.jpg,4,100,0
images/2857.jpg,4,100,0
images/2858.jpg,4,100,0
images/2859.jpg,4,100,0
images/2860.jpg,4,100,0
images/2861.jpg,4,100,0
images/2862.jpg,4,100,0
images/2863.jpg,4,100,0
images/2864.jpg,4,100,0
images/2865.jpg,1,60,0
images/2866.jpg,1,60,0
images/2867.jpg,1,60,0
images/2868.jpg,1,60,0
images/2869.jpg,1,60,0
images/2870.jpg,1,60,0
images/2871.jpg,1,60,0
images/2872.jpg,4,100,0
images/2873.jpg,4,100,0
images/2874.jpg,4,100,0
images/2875.jpg,4,100,0
images/2876.jpg,4,100,0
images/2877.jpg,4,100,0
images/2878.jpg,4,100,0
images/2879.jpg,4,100,0
images/2880.jpg,4,100,0
images/2881.jpg,4,100,0
images/2882.jpg,4,100,0
images/2883.jpg,4,100,0
images/2884.jpg,4,100,0
images/2885.jpg,4,100,0
images/2886.jpg,0,60,0
images/2887.jpg,1,60,0
images/2888.jpg,1,60,0
images/2889.jpg,1,60,0
images/2890.jpg,1,60,0
images/2891.jpg,1,60,0
images/2892.jpg,1,60,0
images/2893.jpg,1,60,0
images/2894.jpg,1,60,0
images/2895.jpg,1,60,0
images/2896.jpg,1,60,0
images/2897.jpg,1,60,0
images/2898.jpg,1,60,0
images/2899.jpg,1,60,0
images/2900.jpg,1,60,0
images/2901.jpg,1,60,0
images/2902.jpg,1,60,0
images/2903.jpg,1,60,0
images/2904.jpg,1,60,0
images/2905.jpg,1,60,0
images/2906.jpg,1,60,0
images/2907.jpg,1,60,0
images/2908.jpg,1,60,0
images/2909.jpg,1,60,0
images/2910.jpg,1,60,0
images/2911.jpg,1,60,0
images/2912.jpg,1,60,0
images/2913.jpg,1,60,0
images/2914.jpg,1,60,0
images/2915.jpg,1,60,0
images/2916.jpg,1,60,0
images/2917.jpg,4,100,0
images/2918.jpg,4,100,0
images/2919.jpg,4,100,0
images/2920.jpg,4,100,0
images/2921.jpg,4,100,0
images/2922.jpg,4,100,0
images/2923.jpg,4,100,0
images/2924.jpg,4,100,0
images/2925.jpg,4,100,0
images/2926.jpg,4,100,0
images/2927.jpg,4,100,0
images/2928.jpg,4,100,0
images/2929.jpg,4,100,0
images/2930.jpg,0,60,0
images/2931.jpg,0,60,0
images/2932.jpg,4,100,0
images/2933.jpg,4,100,0
images/2934.jpg,4,100,0
images/2935.jpg,4,100,0
images/2936.jpg,0,60,0
images/2937.jpg,0,60,0
images/2938.jpg,4,100,0
images/2939.jpg,4,100,0
images/2940.jpg,4,100,0
images/2941.jpg,4,100,0
images/2942.jpg,4,100,0
images/2943.jpg,4,100,0
images/2944.jpg,1,60,0
images/2945.jpg,1,60,0
images/2946.jpg,1,60,0
images/2947.jpg,1,60,0
images/2948.jpg,1,60,0
images/2949.jpg,1,60,0
images/2950.jpg,1,60,0
images/2951.jpg,1,60,0
images/2952.jpg,1,60,0
images/2953.jpg,1,60,0
images/2954.jpg,1,60,0
images/2955.jpg,1,60,0
images/2956.jpg,1,60,0
images/2957.jpg,1,60,0
images/2958.jpg,1,60,0
images/2959.jpg,1,60,0
images/2960.jpg,1,60,0
images/2961.jpg,1,60,0
images/2962.jpg,4,100,0
images/2963.jpg,4,100,0
images/2964.jpg,4,100,0
images/2965.jpg,4,100,0
images/2966.jpg,4,100,0
images/2967.jpg,4,100,0
images/2968.jpg,1,60,0
images/2969.jpg,1,60,0
images/2970.jpg,1,60,0
images/2971.jpg,1,60,0
images/2972.jpg,1,60,0
images/2973.jpg,1,60,0
images/2974.jpg,1,60,0
images/2975.jpg,1,60,0
images/2976.jpg,1,60,0
images/2977.jpg,1,60,0
images/2978.jpg,1,60,0
images/2979.jpg,1,60,0
images/2980.jpg,1,60,0
images/2981.jpg,1,60,0
images/2982.jpg,1,60,0
images/2983.jpg,1,60,0
images/2984.jpg,1,60,0
images/2985.jpg,1,60,0
images/2986.jpg,1,60,0
images/2987.jpg,1,60,0
images/2988.jpg,1,60,0
images/2989.jpg,1,60,0
images/2990.jpg,1,60,0
images/2991.jpg,1,60,0
images/2992.jpg,1,60,0
images/2993.jpg,1,60,0
images/2994.jpg,1,60,0
images/2995.jpg,1,60,0
images/2996.jpg,1,60,0
images/2997.jpg,1,60,0
images/2998.jpg,1,60,0
images/2999.jpg,1,60,0
images/3000.jpg,1,60,0
images/3001.jpg,1,60,0
images/3002.jpg,1,60,0
images/3003.jpg,1,60,0
images/3004.jpg,1,60,0
images/3005.jpg,4,100,0
images/3006.jpg,4,100,0
images/3007.jpg,4,100,0
images/3008.jpg,4,100,0
images/3009.jpg,4,100,0
images/3010.jpg,4,100,0
images/3011.jpg,4,100,0
images/3012.jpg,4,100,0
images/3013.jpg,4,100,0
images/3014.jpg,4,100,0
images/3015.jpg,4,100,0
images/3016.jpg,4,100,0
images/3017.jpg,4,100,0
images/3018.jpg,4,100,0
images/3019.jpg,1,60,0
images/3020.jpg,1,60,0
images/3021.jpg,1,60,0
images/3022.jpg,1,60,0
images/3023.jpg,1,60,0
images/3024.jpg,1,60,0
images/3025.jpg,1,60,0
images/3026.jpg,1,60,0
images/3027.jpg,1,60,0
images/3028.jpg,1,60,0
images/3029.jpg,4,100,0
images/3030.jpg,4,100,0
images/3031.jpg,4,100,0
images/3032.jpg,4,100,0
images/3033.jpg,4,100,0
images/3034.jpg,4,100,0
images/3035.jpg,4,100,0
images/3036.jpg,4,100,0
images/3037.jpg,4,100,0
images/3038.jpg,4,100,0
images/3039.jpg,4,100,0
images/3040.jpg,4,100,0
images/3041.jpg,4,100,0
images/3042.jpg,4,100,0
images/3043.jpg,4,100,0
images/3044.jpg,4,100,0
images/3045.jpg,4,100,0
images/3046.jpg,4,100,0
images/3047.jpg,4,100,0
images/3048.jpg,1,60,0
images/3049.jpg,1,60,0
images/3050.jpg,1,60,0
images/3051.jpg,1,60,0
images/3052.jpg,1,60,0
images/3053.jpg,1,60,0
images/3054.jpg,1,60,0
images/3055.jpg,1,60,0
images/3056.jpg,1,60,0
images/3057.jpg,1,60,0
images/3058.jpg,1,60,0
images/3059.jpg,1,60,0
images/3060.jpg,1,60,0
images/3061.jpg,1,60,0
images/3062.jpg,1,60,0
images/3063.jpg,1,60,0
images/3064.jpg,1,60,0
images/3065.jpg,1,60,0
images/3066.jpg,1,60,0
images/3067.jpg,1,60,0
images/3068.jpg,1,60,0
images/3069.jpg,1,60,0
images/3070.jpg,1,60,0
images/3071.jpg,4,100,0
images/3072.jpg,4,100,0
images/3073.jpg,4,100,0
images/3074.jpg,4,100,0
images/3075.jpg,4,100,0
images/3076.jpg,4,100,0
images/3077.jpg,4,100,0
images/3078.jpg,4,100,0
images/3079.jpg,4,100,0
images/3080.jpg,4,100,0
images/3081.jpg,4,100,0
images/3082.jpg,4,100,0
images/3083.jpg,4,100,0
images/3084.jpg,4,100,0
images/3085.jpg,4,100,0
images/3086.jpg,4,100,0
images/3087.jpg,1,60,0
images/3088.jpg,1,60,0
images/3089.jpg,1,60,0
images/3090.jpg,1,60,0
images/3091.jpg,1,60,0
images/3092.jpg,1,60,0
images/3093.jpg,1,60,0
images/3094.jpg,1,60,0
images/3095.jpg,1,60,0
images/3096.jpg,1,60,0
images/3097.jpg,4,100,0
images/3098.jpg,4,100,0
images/3099.jpg,4,100,0
images/3100.jpg,4,100,0
images/3101.jpg,4,100,0
images/3102.jpg,4,100,0
images/3103.jpg,4,100,0
images/3104.jpg,4,100,0
images/3105.jpg,4,100,0
images/3106.jpg,4,100,0
images/3107.jpg,4,100,0
images/3108.jpg,4,100,0
images/3109.jpg,4,100,0
images/3110.jpg,0,60,0
images/3111.jpg,0,60,0
images/3112.jpg,4,100,0
images/3113.jpg,1,60,0
images/3114.jpg,1,60,0
images/3115.jpg,1,60,0
images/3116.jpg,1,60,0
images/3117.jpg,1,60,0
images/3118.jpg,1,60,0
images/3119.jpg,1,60,0
images/3120.jpg,1,60,0
images/3121.jpg,1,60,0
images/3122.jpg,1,60,0
images/3123.jpg,1,60,0
images/3124.jpg,1,60,0
images/3125.jpg,1,60,0
images/3126.jpg,1,60,0
images/3127.jpg,1,60,0
images/3128.jpg,1,60,0
images/3129.jpg,1,60,0
images/3130.jpg,1,60,0
images/3131.jpg,1,60,0
images/3132.jpg,1,60,0
images/3133.jpg,1,60,0
images/3134.jpg,1,60,0
images/3135.jpg,1,60,0
images/3136.jpg,1,60,0
images/3137.jpg,1,60,0
images/3138.jpg,1,60,0
images/3139.jpg,4,100,0
images/3140.jpg,4,100,0
images/3141.jpg,4,100,0
images/3142.jpg,4,100,0
images/3143.jpg,4,100,0
images/3144.jpg,4,100,0
images/3145.jpg,4,100,0
images/3146.jpg,1,60,0
images/3147.jpg,1,60,0
images/3148.jpg,1,60,0
images/3149.jpg,1,60,0
images/3150.jpg,1,60,0
images/3151.jpg,1,60,0
images/3152.jpg,1,60,0
images/3153.jpg,1,60,0
images/3154.jpg,1,60,0
images/3155.jpg,1,60,0
images/3156.jpg,1,60,0
images/3157.jpg,1,60,0
images/3158.jpg,1,60,0
images/3159.jpg,1,60,0
images/3160.jpg,1,60,0
images/3161.jpg,1,60,0
images/3162.jpg,1,60,0
images/3163.jpg,1,60,0
images/3164.jpg,1,60,0
images/3165.jpg,1,60,0
images/3166.jpg,1,60,0
images/3167.jpg,1,60,0
images/3168.jpg,1,60,0
images/3169.jpg,1,60,0
images/3170.jpg,1,60,0
images/3171.jpg,1,60,0
images/3172.jpg,1,60,0
images/3173.jpg,1,60,0
images/3174.jpg,1,60,0
images/3175.jpg,1,60,0
images/3176.jpg,4,100,0
images/3177.jpg,4,100,0
images/3178.jpg,4,100,0
images/3179.jpg,4,100,0
images/3180.jpg,4,100,0
images/3181.jpg,4,100,0
images/3182.jpg,4,100,0
images/3183.jpg,4,100,0
images/3184.jpg,4,100,0
images/3185.jpg,4,100,0
images/3186.jpg,4,100,0
images/3187.jpg,4,100,0
images/3188.jpg,4,100,0
images/3189.jpg,4,100,0
images/3190.jpg,4,100,0
images/3191.jpg,4,100,0
images/3192.jpg,4,100,0
images/3193.jpg,4,100,0
images/3194.jpg,4,100,0
images/3195.jpg,4,100,0
images/3196.jpg,4,100,0
images/3197.jpg,4,100,0
images/3198.jpg,4,100,0
images/3199.jpg,4,100,0
images/3200.jpg,4,100,0
images/3201.jpg,4,100,0
images/3202.jpg,4,100,0
images/3203.jpg,4,100,0
images/3204.jpg,1,60,0
images/3205.jpg,1,60,0
images/3206.jpg,1,60,0
images/3207.jpg,1,60,0
images/3208.jpg,1,60,0
images/3209.jpg,1,60,0
images/3210.jpg,1,60,0
images/3211.jpg,4,100,0
images/3212.jpg,4,100,0
images/3213.jpg,4,100,0
images/3214.jpg,4,100,0
images/3215.jpg,4,100,0
images/3216.jpg,4,100,0
images/3217.jpg,4,100,0
images/3218.jpg,1,60,0
images/3219.jpg,1,60,0
images/3220.jpg,1,60,0
images/3221.jpg,1,60,0
images/3222.jpg,1,60,0
images/3223.jpg,1,60,0
images/3224.jpg,1,60,0
images/3225.jpg,1,60,0
images/3226.jpg,1,60,0
images/3227.jpg,1,60,0
images/3228.jpg,1,60,0
images/3229.jpg,1,60,0
images/3230.jpg,1,60,0
images/3231.jpg,1,60,0
images/3232.jpg,1,60,0
images/3233.jpg,1,60,0
images/3234.jpg,1,60,0
images/3235.jpg,4,100,0
images/3236.jpg,4,100,0
images/3237.jpg,4,100,0
images/3238.jpg,4,100,0
images/3239.jpg,4,100,0
images/3240.jpg,4,100,0
images/3241.jpg,4,100,0
images/3242.jpg,4,100,0
images/3243.jpg,4,100,0
images/3244.jpg,4,100,0
images/3245.jpg,4,100,0
images/3246.jpg,4,100,0
images/3247.jpg,4,100,0
images/3248.jpg,4,100,0
images/3249.jpg,4,100,0
images/3250.jpg,4,100,0
images/3251.jpg,4,100,0
images/3252.jpg,4,100,0
images/3253.jpg,4,100,0
images/3254.jpg,0,60,0
images/3255.jpg,1,60,0
images/3256.jpg,1,60,0
images/3257.jpg,1,60,0
images/3258.jpg,1,60,0
images/3259.jpg,1,60,0
images/3260.jpg,1,60,0
images/3261.jpg,1,60,0
images/3262.jpg,1,60,0
images/3263.jpg,4,100,0
images/3264.jpg,4,100,0
images/3265.jpg,4,100,0
images/3266.jpg,4,100,0
images/3267.jpg,4,100,0
images/3268.jpg,4,100,0
images/3269.jpg,1,60,0
images/3270.jpg,1,60,0
images/3271.jpg,1,60,0
images/3272.jpg,1,60,0
images/3273.jpg,1,60,0
images/3274.jpg,1,60,0
images/3275.jpg,1,60,0
images/3276.jpg,1,60,0
images/3277.jpg,1,60,0
images/3278.jpg,1,60,0
images/3279.jpg,1,60,0
images/3280.jpg,1,60,0
images/3281.jpg,1,60,0
images/3282.jpg,1,60,0
images/3283.jpg,1,60,0
images/3284.jpg,1,60,0
images/3285.jpg,1,60,0
images/3286.jpg,1,60,0
images/3287.jpg,1,60,0
images/3288.jpg,1,60,0
images/3289.jpg,1,60,0
images/3290.jpg,1,60,0
images/3291.jpg,1,60,0
images/3292.jpg,1,60,0
images/3293.jpg,1,60,0
images/3294.jpg,1,60,0
images/3295.jpg,1,60,0
images/3296.jpg,1,60,0
images/3297.jpg,1,60,0
images/3298.jpg,1,60,0
images/3299.jpg,1,60,0
images/3300.jpg,1,60,0
images/3301.jpg,1,60,0
images/3302.jpg,1,60,0
images/3303.jpg,1,60,0
images/3304.jpg,1,60,0
images/3305.jpg,1,60,0
images/3306.jpg,1,60,0
images/3307.jpg,1,60,0
images/3308.jpg,1,60,0
images/3309.jpg,1,60,0
images/3310.jpg,1,60,0
images/3311.jpg,1,60,0
images/3312.jpg,1,60,0
images/3313.jpg,1,60,0
images/3314.jpg,1,60,0
images/3315.jpg,1,60,0
images/3316.jpg,1,60,0
images/3317.jpg,1,60,0
images/3318.jpg,1,60,0
images/3319.jpg,1,60,0
images/3320.jpg,4,100,0
images/3321.jpg,4,100,0
images/3322.jpg,4,100,0
images/3323.jpg,4,100,0
images/3324.jpg,4,100,0
images/3325.jpg,4,100,0
images/3326.jpg,4,100,0
images/3327.jpg,4,100,0
images/3328.jpg,4,100,0
images/3329.jpg,4,100,0
images/3330.jpg,4,100,0
images/3331.jpg,4,100,0
images/3332.jpg,4,100,0
images/3333.jpg,4,100,0
images/3334.jpg,4,100,0
images/3335.jpg,4,100,0
images/3336.jpg,4,100,0
images/3337.jpg,4,100,0
images/3338.jpg,4,100,0
images/3339.jpg,4,100,0
images/3340.jpg,4,100,0
images/3341.jpg,4,100,0
images/3342.jpg,4,100,0
images/3343.jpg,4,100,0
images/3344.jpg,4,100,0
images/3345.jpg,4,100,0
images/3346.jpg,4,100,0
images/3347.jpg,4,100,0
images/3348.jpg,4,100,0
images/3349.jpg,1,60,0
images/3350.jpg,1,60,0
images/3351.jpg,1,60,0
images/3352.jpg,1,60,0
images/3353.jpg,1,60,0
images/3354.jpg,1,60,0
images/3355.jpg,1,60,0
images/3356.jpg,1,60,0
images/3357.jpg,1,60,0
images/3358.jpg,1,60,0
images/3359.jpg,1,60,0
images/3360.jpg,1,60,0
images/3361.jpg,1,60,0
images/3362.jpg,1,60,0
images/3363.jpg,1,60,0
images/3364.jpg,1,60,0
images/3365.jpg,1,60,0
images/3366.jpg,1,60,0
images/3367.jpg,1,60,0
images/3368.jpg,1,60,0
images/3369.jpg,1,60,0
images/3370.jpg,1,60,0
images/3371.jpg,1,60,0
images/3372.jpg,1,60,0
images/3373.jpg,1,60,0
images/3374.jpg,1,60,0
images/3375.jpg,1,60,0
images/3376.jpg,1,60,0
images/3377.jpg,1,60,0
images/3378.jpg,4,100,0
images/3379.jpg,4,100,0
images/3380.jpg,4,100,0
images/3381.jpg,4,100,0
images/3382.jpg,4,100,0
images/3383.jpg,4,100,0
images/3384.jpg,4,100,0
images/3385.jpg,4,100,0
images/3386.jpg,4,100,0
images/3387.jpg,4,100,0
images/3388.jpg,4,100,0
images/3389.jpg,4,100,0
images/3390.jpg,4,100,0
images/3391.jpg,4,100,0
images/3392.jpg,4,100,0
images/3393.jpg,4,100,0
images/3394.jpg,4,100,0
images/3395.jpg,4,100,0
images/3396.jpg,4,100,0
images/3397.jpg,4,100,0
images/3398.jpg,4,100,0
images/3399.jpg,4,100,0
images/3400.jpg,4,100,0
images/3401.jpg,4,100,0
images/3402.jpg,4,100,0
images/3403.jpg,4,100,0
images/3404.jpg,4,100,0
images/3405.jpg,4,100,0
images/3406.jpg,4,100,0
images/3407.jpg,4,100,0
images/3408.jpg,4,100,0
images/3409.jpg,4,100,0
images/3410.jpg,4,100,0
images/3411.jpg,4,100,0
images/3412.jpg,4,100,0
images/3413.jpg,4,100,0
images/3414.jpg,4,100,0
images/3415.jpg,1,60,0
images/3416.jpg,1,60,0
images/3417.jpg,1,60,0
images/3418.jpg,1,60,0
images/3419.jpg,1,60,0
images/3420.jpg,1,60,0
images/3421.jpg,1,60,0
images/3422.jpg,1,60,0
images/3423.jpg,4,100,0
images/3424.jpg,4,100,0
images/3425.jpg,4,100,0
images/3426.jpg,4,100,0
images/3427.jpg,4,100,0
images/3428.jpg,4,100,0
images/3429.jpg,4,100,0
images/3430.jpg,1,60,0
images/3431.jpg,1,60,0
images/3432.jpg,1,60,0
images/3433.jpg,1,60,0
images/3434.jpg,1,60,0
images/3435.jpg,1,60,0
images/3436.jpg,1,60,0
images/3437.jpg,1,60,0
images/3438.jpg,1,60,0
images/3439.jpg,1,60,0
images/3440.jpg,1,60,0
images/3441.jpg,1,60,0
images/3442.jpg,1,60,0
images/3443.jpg,1,60,0
images/3444.jpg,1,60,0
images/3445.jpg,1,60,0
images/3446.jpg,1,60,0
images/3447.jpg,1,60,0
images/3448.jpg,1,60,0
images/3449.jpg,1,60,0
images/3450.jpg,1,60,0
images/3451.jpg,1,60,0
images/3452.jpg,1,60,0
images/3453.jpg,1,60,0
images/3454.jpg,1,60,0
images/3455.jpg,1,60,0
images/3456.jpg,1,60,0
images/3457.jpg,3,100,0
images/3458.jpg,3,100,0
images/3459.jpg,3,100,0
images/3460.jpg,3,100,0
images/3461.jpg,3,100,0
images/3462.jpg,1,60,0
images/3463.jpg,1,60,0
images/3464.jpg,1,60,0
images/3465.jpg,1,60,0
images/3466.jpg,1,60,0
images/3467.jpg,1,60,0
images/3468.jpg,1,60,0
images/3469.jpg,1,60,0
images/3470.jpg,4,100,0
images/3471.jpg,4,100,0
images/3472.jpg,4,100,0
images/3473.jpg,4,100,0
images/3474.jpg,4,100,0
images/3475.jpg,4,100,0
images/3476.jpg,4,100,0
images/3477.jpg,4,100,0
images/3478.jpg,4,100,0
images/3479.jpg,4,100,0
images/3480.jpg,4,100,0
images/3481.jpg,4,100,0
images/3482.jpg,0,60,0
images/3483.jpg,0,60,0
images/3484.jpg,1,60,0
images/3485.jpg,1,60,0
images/3486.jpg,1,60,0
images/3487.jpg,1,60,0
images/3488.jpg,1,60,0
images/3489.jpg,1,60,0
images/3490.jpg,1,60,0
images/3491.jpg,1,60,0
images/3492.jpg,1,60,0
images/3493.jpg,1,60,0
images/3494.jpg,4,100,0
images/3495.jpg,4,100,0
images/3496.jpg,4,100,0
images/3497.jpg,4,100,0
images/3498.jpg,4,100,0
images/3499.jpg,4,100,0
images/3500.jpg,4,100,0
images/3501.jpg,4,100,0
images/3502.jpg,4,100,0
images/3503.jpg,4,100,0
images/3504.jpg,4,100,0
images/3505.jpg,4,100,0
images/3506.jpg,4,100,0
images/3507.jpg,4,100,0
images/3508.jpg,4,100,0
images/3509.jpg,4,100,0
images/3510.jpg,4,100,0
images/3511.jpg,4,100,0
images/3512.jpg,4,100,0
images/3513.jpg,0,60,0
images/3514.jpg,4,100,0
images/3515.jpg,4,100,0
images/3516.jpg,4,100,0
images/3517.jpg,4,100,0
images/3518.jpg,4,100,0
images/3519.jpg,4,100,0
images/3520.jpg,1,60,0
images/3521.jpg,1,60,0
images/3522.jpg,1,60,0
images/3523.jpg,1,60,0
images/3524.jpg,1,60,0
images/3525.jpg,3,100,0
images/3526.jpg,3,100,0
images/3527.jpg,3,100,0
images/3528.jpg,3,100,0
images/3529.jpg,3,100,0
images/3530.jpg,1,60,0
images/3531.jpg,1,60,0
images/3532.jpg,1,60,0
images/3533.jpg,1,60,0
images/3534.jpg,1,60,0
images/3535.jpg,4,100,0
images/3536.jpg,4,100,0
images/3537.jpg,4,100,0
images/3538.jpg,4,100,0
images/3539.jpg,4,100,0
images/3540.jpg,4,100,0
images/3541.jpg,4,100,0
images/3542.jpg,1,60,0
images/3543.jpg,1,60,0
images/3544.jpg,1,60,0
images/3545.jpg,1,60,0
images/3546.jpg,1,60,0
images/3547.jpg,1,60,0
images/3548.jpg,1,60,0
images/3549.jpg,1,60,0
images/3550.jpg,1,60,0
images/3551.jpg,4,100,0
images/3552.jpg,4,100,0
images/3553.jpg,4,100,0
images/3554.jpg,4,100,0
images/3555.jpg,4,100,0
images/3556.jpg,4,100,0
images/3557.jpg,4,100,0
images/3558.jpg,4,100,0
images/3559.jpg,4,100,0
images/3560.jpg,4,100,0
images/3561.jpg,4,100,0
images/3562.jpg,4,100,0
images/3563.jpg,4,100,0
images/3564.jpg,4,100,0
images/3565.jpg,4,100,0
images/3566.jpg,4,100,0
images/3567.jpg,4,100,0
images/3568.jpg,4,100,0
images/3569.jpg,4,100,0
images/3570.jpg,4,100,0
images/3571.jpg,4,100,0
images/3572.jpg,4,100,0
images/3573.jpg,4,100,0
images/3574.jpg,4,100,0
images/3575.jpg,0,60,0
images/3576.jpg,0,60,0
images/3577.jpg,1,60,0
images/3578.jpg,1,60,0
images/3579.jpg,1,60,0
images/3580.jpg,1,60,0
images/3581.jpg,1,60,0
images/3582.jpg,1,60,0
images/3583.jpg,1,60,0
images/3584.jpg,1,60,0
images/3585.jpg,1,60,0
images/3586.jpg,1,60,0
images/3587.jpg,1,60,0
images/3588.jpg,1,60,0
images/3589.jpg,1,60,0
images/3590.jpg,1,60,0
images/3591.jpg,1,60,0
images/3592.jpg,1,60,0
images/3593.jpg,4,100,0
images/3594.jpg,4,100,0
images/3595.jpg,4,100,0
images/3596.jpg,4,100,0
images/3597.jpg,1,60,0
images/3598.jpg,1,60,0
images/3599.jpg,1,60,0
images/3600.jpg,1,60,0
images/3601.jpg,1,60,0
images/3602.jpg,1,60,0
images/3603.jpg,1,60,0
images/3604.jpg,1,60,0
images/3605.jpg,1,60,0
images/3606.jpg,1,60,0
images/3607.jpg,1,60,0
images/3608.jpg,1,60,0
images/3609.jpg,1,60,0
images/3610.jpg,1,60,0
images/3611.jpg,1,60,0
images/3612.jpg,1,60,0
images/3613.jpg,1,60,0
images/3614.jpg,1,60,0
images/3615.jpg,1,60,0
images/3616.jpg,1,60,0
images/3617.jpg,1,60,0
images/3618.jpg,1,60,0
images/3619.jpg,1,60,0
images/3620.jpg,1,60,0
images/3621.jpg,1,60,0
images/3622.jpg,1,60,0
images/3623.jpg,1,60,0
images/3624.jpg,1,60,0
images/3625.jpg,1,60,0
images/3626.jpg,1,60,0
images/3627.jpg,1,60,0
images/3628.jpg,1,60,0
images/3629.jpg,1,60,0
images/3630.jpg,1,60,0
images/3631.jpg,1,60,0
images/3632.jpg,1,60,0
images/3633.jpg,1,60,0
images/3634.jpg,1,60,0
images/3635.jpg,1,60,0
images/3636.jpg,1,60,0
images/3637.jpg,1,60,0
images/3638.jpg,1,60,0
images/3639.jpg,1,60,0
images/3640.jpg,1,60,0
images/3641.jpg,1,60,0
images/3642.jpg,1,60,0
images/3643.jpg,4,100,0
images/3644.jpg,4,100,0
images/3645.jpg,4,100,0
images/3646.jpg,4,100,0
images/3647.jpg,4,100,0
images/3648.jpg,4,100,0
images/3649.jpg,4,100,0
images/3650.jpg,4,100,0
images/3651.jpg,4,100,0
images/3652.jpg,4,100,0
images/3653.jpg,4,100,0
images/3654.jpg,4,100,0
images/3655.jpg,4,100,0
images/3656.jpg,4,100,0
images/3657.jpg,4,100,0
images/3658.jpg,4,100,0
images/3659.jpg,4,100,0
images/3660.jpg,4,100,0
images/3661.jpg,4,100,0
images/3662.jpg,4,100,0
images/3663.jpg,4,100,0
images/3664.jpg,4,100,0
images/3665.jpg,4,100,0
images/3666.jpg,4,100,0
images/3667.jpg,4,100,0
images/3668.jpg,4,100,0
images/3669.jpg,4,100,0
images/3670.jpg,4,100,0
images/3671.jpg,4,100,0
images/3672.jpg,4,100,0
images/3673.jpg,1,60,0
images/3674.jpg,1,60,0
images/3675.jpg,1,60,0
images/3676.jpg,1,60,0
images/3677.jpg,1,60,0
images/3678.jpg,1,60,0
images/3679.jpg,1,60,0
images/3680.jpg,1,60,0
images/3681.jpg,1,60,0
images/3682.jpg,1,60,0
images/3683.jpg,1,60,0
images/3684.jpg,1,60,0
images/3685.jpg,1,60,0
images/3686.jpg,1,60,0
images/3687.jpg,1,60,0
images/3688.jpg,1,60,0
images/3689.jpg,1,60,0
images/3690.jpg,1,60,0
images/3691.jpg,1,60,0
images/3692.jpg,1,60,0
images/3693.jpg,1,60,0
images/3694.jpg,1,60,0
images/3695.jpg,1,60,0
images/3696.jpg,1,60,0
images/3697.jpg,1,60,0
images/3698.jpg,1,60,0
images/3699.jpg,1,60,0
images/3700.jpg,1,60,0
images/3701.jpg,1,60,0
images/3702.jpg,1,60,0
images/3703.jpg,1,60,0
images/3704.jpg,1,60,0
images/3705.jpg,4,100,0
images/3706.jpg,4,100,0
images/3707.jpg,4,100,0
images/3708.jpg,4,100,0
images/3709.jpg,4,100,0
images/3710.jpg,4,100,0
images/3711.jpg,4,100,0
images/3712.jpg,4,100,0
images/3713.jpg,4,100,0
images/3714.jpg,4,100,0
images/3715.jpg,4,100,0
images/3716.jpg,4,100,0
images/3717.jpg,4,100,0
images/3718.jpg,4,100,0
images/3719.jpg,4,100,0
images/3720.jpg,4,100,0
images/3721.jpg,4,100,0
images/3722.jpg,4,100,0
images/3723.jpg,4,100,0
images/3724.jpg,4,100,0
images/3725.jpg,4,100,0
images/3726.jpg,4,100,0
images/3727.jpg,4,100,0
images/3728.jpg,4,100,0
images/3729.jpg,4,100,0
images/3730.jpg,4,100,0
images/3731.jpg,4,100,0
images/3732.jpg,4,100,0
images/3733.jpg,4,100,0
images/3734.jpg,4,100,0
images/3735.jpg,4,100,0
images/3736.jpg,4,100,0
images/3737.jpg,4,100,0
images/3738.jpg,4,100,0
images/3739.jpg,0,60,0
images/3740.jpg,1,60,0
images/3741.jpg,1,60,0
images/3742.jpg,1,60,0
images/3743.jpg,1,60,0
images/3744.jpg,1,60,0
images/3745.jpg,1,60,0
images/3746.jpg,1,60,0
images/3747.jpg,1,60,0
images/3748.jpg,1,60,0
images/3749.jpg,1,60,0
images/3750.jpg,1,60,0
images/3751.jpg,1,60,0
images/3752.jpg,1,60,0
images/3753.jpg,1,60,0
images/3754.jpg,1,60,0
images/3755.jpg,1,60,0
images/3756.jpg,1,60,0
images/3757.jpg,1,60,0
images/3758.jpg,1,60,0
images/3759.jpg,1,60,0
images/3760.jpg,1,60,0
images/3761.jpg,1,60,0
images/3762.jpg,1,60,0
images/3763.jpg,1,60,0
images/3764.jpg,1,60,0
images/3765.jpg,1,60,0
images/3766.jpg,1,60,0
images/3767.jpg,1,60,0
images/3768.jpg,1,60,0
images/3769.jpg,1,60,0
images/3770.jpg,1,60,0
images/3771.jpg,1,60,0
images/3772.jpg,1,60,0
images/3773.jpg,1,60,0
images/3774.jpg,1,60,0
images/3775.jpg,1,60,0
images/3776.jpg,1,60,0
images/3777.jpg,1,60,0
images/3778.jpg,1,60,0
images/3779.jpg,1,60,0
images/3780.jpg,1,60,0
images/3781.jpg,1,60,0
images/3782.jpg,1,60,0
images/3783.jpg,1,60,0
images/3784.jpg,1,60,0
images/3785.jpg,1,60,0
images/3786.jpg,1,60,0
images/3787.jpg,1,60,0
images/3788.jpg,1,60,0
images/3789.jpg,1,60,0
images/3790.jpg,1,60,0
images/3791.jpg,1,60,0
images/3792.jpg,1,60,0
images/3793.jpg,1,60,0
images/3794.jpg,1,60,0
images/3795.jpg,1,60,0
images/3796.jpg,1,60,0
images/3797.jpg,1,60,0
images/3798.jpg,1,60,0
images/3799.jpg,1,60,0
images/3800.jpg,1,60,0
images/3801.jpg,4,100,0
images/3802.jpg,4,100,0
images/3803.jpg,4,100,0
images/3804.jpg,4,100,0
images/3805.jpg,4,100,0
images/3806.jpg,4,100,0
images/3807.jpg,4,100,0
images/3808.jpg,4,100,0
images/3809.jpg,4,100,0
images/3810.jpg,4,100,0
images/3811.jpg,4,100,0
images/3812.jpg,4,100,0
images/3813.jpg,4,100,0
images/3814.jpg,4,100,0
images/3815.jpg,1,60,0
images/3816.jpg,1,60,0
images/3817.jpg,1,60,0
images/3818.jpg,1,60,0
images/3819.jpg,1,60,0
images/3820.jpg,1,60,0
images/3821.jpg,1,60,0
images/3822.jpg,4,100,0
images/3823.jpg,4,100,0
images/3824.jpg,4,100,0
images/3825.jpg,4,100,0
images/3826.jpg,4,100,0
images/3827.jpg,4,100,0
images/3828.jpg,4,100,0
images/3829.jpg,4,100,0
images/3830.jpg,4,100,0
images/3831.jpg,4,100,0
images/3832.jpg,4,100,0
images/3833.jpg,4,100,0
images/3834.jpg,4,100,0
images/3835.jpg,4,100,0
images/3836.jpg,4,100,0
images/3837.jpg,4,100,0
images/3838.jpg,4,100,0
images/3839.jpg,4,100,0
images/3840.jpg,4,100,0
images/3841.jpg,4,100,0
images/3842.jpg,0,60,0
images/3843.jpg,0,60,0
images/3844.jpg,1,60,0
images/3845.jpg,1,60,0
images/3846.jpg,1,60,0
images/3847.jpg,1,60,0
images/3848.jpg,1,60,0
images/3849.jpg,1,60,0
images/3850.jpg,1,60,0
images/3851.jpg,1,60,0
images/3852.jpg,1,60,0
images/3853.jpg,1,60,0
images/3854.jpg,1,60,0
images/3855.jpg,1,60,0
images/3856.jpg,1,60,0
images/3857.jpg,1,60,0
images/3858.jpg,1,60,0
images/3859.jpg,1,60,0
images/3860.jpg,1,60,0
images/3861.jpg,1,60,0
images/3862.jpg,1,60,0
images/3863.jpg,1,60,0
images/3864.jpg,1,60,0
images/3865.jpg,1,60,0
images/3866.jpg,1,60,0
images/3867.jpg,1,60,0
images/3868.jpg,1,60,0
images/3869.jpg,1,60,0
images/3870.jpg,1,60,0
images/3871.jpg,1,60,0
images/3872.jpg,1,60,0
images/3873.jpg,1,60,0
images/3874.jpg,1,60,0
images/3875.jpg,1,60,0
images/3876.jpg,4,100,0
images/3877.jpg,4,100,0
images/3878.jpg,4,100,0
images/3879.jpg,4,100,0
images/3880.jpg,4,100,0
images/3881.jpg,4,100,0
images/3882.jpg,4,100,0
images/3883.jpg,4,100,0
images/3884.jpg,4,100,0
images/3885.jpg,4,100,0
images/3886.jpg,4,100,0
images/3887.jpg,4,100,0
images/3888.jpg,4,100,0
images/3889.jpg,4,100,0
images/3890.jpg,4,100,0
images/3891.jpg,4,100,0
images/3892.jpg,4,100,0
images/3893.jpg,4,100,0
images/3894.jpg,4,100,0
images/3895.jpg,4,100,0
images/3896.jpg,4,100,0
images/3897.jpg,4,100,0
images/3898.jpg,4,100,0
images/3899.jpg,4,100,0
images/3900.jpg,0,60,0
images/3901.jpg,0,60,0
images/3902.jpg,4,100,0
images/3903.jpg,4,100,0
images/3904.jpg,4,100,0
images/3905.jpg,4,100,0
images/3906.jpg,4,100,0
images/3907.jpg,4,100,0
images/3908.jpg,4,100,0
images/3909.jpg,4,100,0
images/3910.jpg,1,60,0
images/3911.jpg,1,60,0
images/3912.jpg,1,60,0
images/3913.jpg,1,60,0
images/3914.jpg,1,60,0
images/3915.jpg,1,60,0
images/3916.jpg,1,60,0
images/3917.jpg,1,60,0
images/3918.jpg,1,60,0
images/3919.jpg,1,60,0
images/3920.jpg,1,60,0
images/3921.jpg,1,60,0
images/3922.jpg,1,60,0
images/3923.jpg,1,60,0
images/3924.jpg,4,100,0
images/3925.jpg,4,100,0
images/3926.jpg,4,100,0
images/3927.jpg,4,100,0
images/3928.jpg,4,100,0
images/3929.jpg,1,60,0
images/3930.jpg,1,60,0
images/3931.jpg,1,60,0
images/3932.jpg,1,60,0
images/3933.jpg,1,60,0
images/3934.jpg,1,60,0
images/3935.jpg,1,60,0
images/3936.jpg,1,60,0
images/3937.jpg,1,60,0
images/3938.jpg,1,60,0
images/3939.jpg,1,60,0
images/3940.jpg,1,60,0
images/3941.jpg,1,60,0
images/3942.jpg,1,60,0
images/3943.jpg,1,60,0
images/3944.jpg,1,60,0
images/3945.jpg,1,60,0
images/3946.jpg,1,60,0
images/3947.jpg,1,60,0
images/3948.jpg,1,60,0
images/3949.jpg,1,60,0
images/3950.jpg,1,60,0
images/3951.jpg,1,60,0
images/3952.jpg,1,60,0
images/3953.jpg,1,60,0
images/3954.jpg,1,60,0
images/3955.jpg,1,60,0
images/3956.jpg,1,60,0
images/3957.jpg,1,60,0
images/3958.jpg,3,100,0
images/3959.jpg,3,100,0
images/3960.jpg,3,100,0
images/3961.jpg,3,100,0
images/3962.jpg,1,60,0
images/3963.jpg,1,60,0
images/3964.jpg,1,60,0
images/3965.jpg,4,100,0
images/3966.jpg,4,100,0
images/3967.jpg,4,100,0
images/3968.jpg,4,100,0
images/3969.jpg,4,100,0
images/3970.jpg,4,100,0
images/3971.jpg,4,100,0
images/3972.jpg,1,60,0
images/3973.jpg,1,60,0
images/3974.jpg,1,60,0
images/3975.jpg,1,60,0
images/3976.jpg,1,60,0
images/3977.jpg,1,60,0
images/3978.jpg,1,60,0
images/3979.jpg,1,60,0
images/3980.jpg,1,60,0
images/3981.jpg,1,60,0
images/3982.jpg,4,100,0
images/3983.jpg,4,100,0
images/3984.jpg,4,100,0
images/3985.jpg,4,100,0
images/3986.jpg,4,100,0
images/3987.jpg,4,100,0
images/3988.jpg,4,100,0
images/3989.jpg,4,100,0
images/3990.jpg,4,100,0
images/3991.jpg,4,100,0
images/3992.jpg,4,100,0
images/3993.jpg,4,100,0
images/3994.jpg,4,100,0
images/3995.jpg,4,100,0
images/3996.jpg,4,100,0
images/3997.jpg,4,100,0
images/3998.jpg,4,100,0
images/3999.jpg,4,100,0
images/4000.jpg,4,100,0
images/4001.jpg,4,100,0
images/4002.jpg,4,100,0
images/4003.jpg,4,100,0
images/4004.jpg,4,100,0
images/4005.jpg,4,100,0
images/4006.jpg,4,100,0
images/4007.jpg,4,100,0
images/4008.jpg,4,100,0
images/4009.jpg,4,100,0
images/4010.jpg,4,100,0
images/4011.jpg,4,100,0
images/4012.jpg,4,100,0
images/4013.jpg,1,60,0
images/4014.jpg,1,60,0
images/4015.jpg,1,60,0
images/4016.jpg,1,60,0
images/4017.jpg,1,60,0
images/4018.jpg,1,60,0
images/4019.jpg,1,60,0
images/4020.jpg,1,60,0
images/4021.jpg,1,60,0
images/4022.jpg,1,60,0
images/4023.jpg,1,60,0
images/4024.jpg,1,60,0
images/4025.jpg,1,60,0
images/4026.jpg,1,60,0
images/4027.jpg,1,60,0
images/4028.jpg,1,60,0
images/4029.jpg,1,60,0
images/4030.jpg,1,60,0
images/4031.jpg,1,60,0
images/4032.jpg,1,60,0
images/4033.jpg,1,60,0
images/4034.jpg,1,60,0
images/4035.jpg,1,60,0
images/4036.jpg,1,60,0
images/4037.jpg,1,60,0
images/4038.jpg,4,100,0
images/4039.jpg,4,100,0
images/4040.jpg,4,100,0
images/4041.jpg,4,100,0
images/4042.jpg,4,100,0
images/4043.jpg,4,100,0
images/4044.jpg,4,100,0
images/4045.jpg,4,100,0
images/4046.jpg,4,100,0
images/4047.jpg,4,100,0
images/4048.jpg,4,100,0
images/4049.jpg,4,100,0
images/4050.jpg,4,100,0
images/4051.jpg,4,100,0
images/4052.jpg,4,100,0
images/4053.jpg,4,100,0
images/4054.jpg,4,100,0
images/4055.jpg,4,100,0
images/4056.jpg,4,100,0
images/4057.jpg,4,100,0
images/4058.jpg,4,100,0
images/4059.jpg,4,100,0
images/4060.jpg,4,100,0
images/4061.jpg,4,100,0
images/4062.jpg,4,100,0
images/4063.jpg,4,100,0
images/4064.jpg,4,100,0
images/4065.jpg,4,100,0
images/4066.jpg,4,100,0
images/4067.jpg,4,100,0
images/4068.jpg,4,100,0
images/4069.jpg,4,100,0
images/4070.jpg,4,100,0
images/4071.jpg,4,100,0
images/4072.jpg,4,100,0
images/4073.jpg,4,100,0
images/4074.jpg,0,60,0
images/4075.jpg,0,60,0
images/4076.jpg,1,60,0
images/4077.jpg,1,60,0
images/4078.jpg,1,60,0
images/4079.jpg,1,60,0
images/4080.jpg,1,60,0
images/4081.jpg,1,60,0
images/4082.jpg,1,60,0
images/4083.jpg,1,60,0
images/4084.jpg,1,60,0
images/4085.jpg,1,60,0
images/4086.jpg,1,60,0
images/4087.jpg,1,60,0
images/4088.jpg,1,60,0
images/4089.jpg,1,60,0
images/4090.jpg,1,60,0
images/4091.jpg,1,60,0
images/4092.jpg,1,60,0
images/4093.jpg,1,60,0
images/4094.jpg,1,60,0
images/4095.jpg,1,60,0
images/4096.jpg,1,60,0
images/4097.jpg,1,60,0
images/4098.jpg,1,60,0
images/4099.jpg,1,60,0
images/4100.jpg,4,100,0
images/4101.jpg,4,100,0
images/4102.jpg,4,100,0
images/4103.jpg,4,100,0
images/4104.jpg,4,100,0
images/4105.jpg,4,100,0
images/4106.jpg,4,100,0
images/4107.jpg,1,60,0
images/4108.jpg,1,60,0
images/4109.jpg,1,60,0
images/4110.jpg,1,60,0
images/4111.jpg,1,60,0
images/4112.jpg,1,60,0
images/4113.jpg,1,60,0
images/4114.jpg,1,60,0
images/4115.jpg,1,60,0
images/4116.jpg,1,60,0
images/4117.jpg,1,60,0
images/4118.jpg,1,60,0
images/4119.jpg,1,60,0
images/4120.jpg,1,60,0
images/4121.jpg,1,60,0
images/4122.jpg,1,60,0
images/4123.jpg,1,60,0
images/4124.jpg,1,60,0
images/4125.jpg,1,60,0
images/4126.jpg,1,60,0
images/4127.jpg,1,60,0
images/4128.jpg,1,60,0
images/4129.jpg,1,60,0
images/4130.jpg,1,60,0
images/4131.jpg,1,60,0
images/4132.jpg,1,60,0
images/4133.jpg,1,60,0
images/4134.jpg,1,60,0
images/4135.jpg,1,60,0
images/4136.jpg,1,60,0
images/4137.jpg,1,60,0
images/4138.jpg,1,60,0
images/4139.jpg,1,60,0
images/4140.jpg,1,60,0
images/4141.jpg,1,60,0
images/4142.jpg,4,100,0
images/4143.jpg,4,100,0
images/4144.jpg,4,100,0
images/4145.jpg,4,100,0
images/4146.jpg,4,100,0
images/4147.jpg,4,100,0
images/4148.jpg,4,100,0
images/4149.jpg,4,100,0
images/4150.jpg,4,100,0
images/4151.jpg,4,100,0
images/4152.jpg,4,100,0
images/4153.jpg,4,100,0
images/4154.jpg,4,100,0
images/4155.jpg,4,100,0
images/4156.jpg,4,100,0
images/4157.jpg,4,100,0
images/4158.jpg,4,100,0
images/4159.jpg,4,100,0
images/4160.jpg,4,100,0
images/4161.jpg,4,100,0
images/4162.jpg,4,100,0
images/4163.jpg,4,100,0
images/4164.jpg,1,60,0
images/4165.jpg,1,60,0
images/4166.jpg,1,60,0
images/4167.jpg,1,60,0
images/4168.jpg,1,60,0
images/4169.jpg,1,60,0
images/4170.jpg,1,60,0
images/4171.jpg,1,60,0
images/4172.jpg,4,100,0
images/4173.jpg,4,100,0
images/4174.jpg,4,100,0
images/4175.jpg,4,100,0
images/4176.jpg,4,100,0
images/4177.jpg,4,100,0
images/4178.jpg,4,100,0
images/4179.jpg,4,100,0
images/4180.jpg,4,100,0
images/4181.jpg,4,100,0
images/4182.jpg,1,60,0
images/4183.jpg,1,60,0
images/4184.jpg,1,60,0
images/4185.jpg,1,60,0
images/4186.jpg,1,60,0
images/4187.jpg,1,60,0
images/4188.jpg,1,60,0
images/4189.jpg,1,60,0
images/4190.jpg,1,60,0
images/4191.jpg,1,60,0
images/4192.jpg,1,60,0
images/4193.jpg,1,60,0
images/4194.jpg,1,60,0
images/4195.jpg,1,60,0
images/4196.jpg,1,60,0
images/4197.jpg,1,60,0
images/4198.jpg,1,60,0
images/4199.jpg,1,60,0
images/4200.jpg,1,60,0
images/4201.jpg,1,60,0
images/4202.jpg,1,60,0
images/4203.jpg,1,60,0
images/4204.jpg,1,60,0
images/4205.jpg,1,60,0
images/4206.jpg,1,60,0
images/4207.jpg,1,60,0
images/4208.jpg,1,60,0
images/4209.jpg,1,60,0
images/4210.jpg,1,60,0
images/4211.jpg,4,100,0
images/4212.jpg,4,100,0
images/4213.jpg,4,100,0
images/4214.jpg,4,100,0
images/4215.jpg,4,100,0
images/4216.jpg,4,100,0
images/4217.jpg,4,100,0
images/4218.jpg,4,100,0
images/4219.jpg,4,100,0
images/4220.jpg,4,100,0
images/4221.jpg,4,100,0
images/4222.jpg,4,100,0
images/4223.jpg,4,100,0
images/4224.jpg,4,100,0
images/4225.jpg,4,100,0
images/4226.jpg,4,100,0
images/4227.jpg,4,100,0
images/4228.jpg,4,100,0
images/4229.jpg,4,100,0
images/4230.jpg,4,100,0
images/4231.jpg,4,100,0
images/4232.jpg,4,100,0
images/4233.jpg,4,100,0
images/4234.jpg,4,100,0
images/4235.jpg,4,100,0
images/4236.jpg,4,100,0
images/4237.jpg,4,100,0
images/4238.jpg,4,100,0
images/4239.jpg,4,100,0
images/4240.jpg,4,100,0
images/4241.jpg,4,100,0
images/4242.jpg,0,60,0
images/4243.jpg,4,100,0
images/4244.jpg,4,100,0
images/4245.jpg,4,100,0
images/4246.jpg,4,100,0
images/4247.jpg,4,100,0
images/4248.jpg,4,100,0
images/4249.jpg,4,100,0
images/4250.jpg,0,60,0
images/4251.jpg,0,60,0
images/4252.jpg,4,100,0
images/4253.jpg,4,100,0
images/4254.jpg,4,100,0
images/4255.jpg,1,60,0
images/4256.jpg,1,60,0
images/4257.jpg,1,60,0
images/4258.jpg,1,60,0
images/4259.jpg,3,100,0
images/4260.jpg,3,100,0
images/4261.jpg,3,100,0
images/4262.jpg,3,100,0
images/4263.jpg,3,100,0
images/4264.jpg,1,60,0
images/4265.jpg,1,60,0
images/4266.jpg,1,60,0
images/4267.jpg,1,60,0
images/4268.jpg,1,60,0
images/4269.jpg,1,60,0
images/4270.jpg,1,60,0
images/4271.jpg,1,60,0
images/4272.jpg,1,60,0
images/4273.jpg,1,60,0
images/4274.jpg,1,60,0
images/4275.jpg,1,60,0
images/4276.jpg,4,100,0
images/4277.jpg,4,100,0
images/4278.jpg,4,100,0
images/4279.jpg,4,100,0
images/4280.jpg,4,100,0
images/4281.jpg,1,60,0
images/4282.jpg,1,60,0
images/4283.jpg,1,60,0
images/4284.jpg,1,60,0
images/4285.jpg,1,60,0
images/4286.jpg,1,60,0
images/4287.jpg,1,60,0
images/4288.jpg,1,60,0
images/4289.jpg,1,60,0
images/4290.jpg,1,60,0
images/4291.jpg,1,60,0
images/4292.jpg,1,60,0
images/4293.jpg,1,60,0
images/4294.jpg,1,60,0
images/4295.jpg,1,60,0
images/4296.jpg,1,60,0
images/4297.jpg,1,60,0
images/4298.jpg,1,60,0
images/4299.jpg,1,60,0
images/4300.jpg,1,60,0
images/4301.jpg,1,60,0
images/4302.jpg,1,60,0
images/4303.jpg,1,60,0
images/4304.jpg,1,60,0
images/4305.jpg,1,60,0
images/4306.jpg,1,60,0
images/4307.jpg,1,60,0
images/4308.jpg,1,60,0
images/4309.jpg,1,60,0
images/4310.jpg,1,60,0
images/4311.jpg,1,60,0
images/4312.jpg,1,60,0
images/4313.jpg,1,60,0
images/4314.jpg,1,60,0
images/4315.jpg,1,60,0
images/4316.jpg,1,60,0
images/4317.jpg,1,60,0
images/4318.jpg,1,60,0
images/4319.jpg,1,60,0
images/4320.jpg,1,60,0
images/4321.jpg,1,60,0
images/4322.jpg,4,100,0
images/4323.jpg,4,100,0
images/4324.jpg,4,100,0
images/4325.jpg,4,100,0
images/4326.jpg,4,100,0
images/4327.jpg,4,100,0
images/4328.jpg,4,100,0
images/4329.jpg,4,100,0
images/4330.jpg,4,100,0
images/4331.jpg,4,100,0
images/4332.jpg,4,100,0
images/4333.jpg,4,100,0
images/4334.jpg,4,100,0
images/4335.jpg,4,100,0
images/4336.jpg,4,100,0
images/4337.jpg,4,100,0
images/4338.jpg,4,100,0
images/4339.jpg,4,100,0
images/4340.jpg,1,60,0
images/4341.jpg,1,60,0
images/4342.jpg,1,60,0
images/4343.jpg,1,60,0
images/4344.jpg,1,60,0
images/4345.jpg,1,60,0
images/4346.jpg,4,100,0
images/4347.jpg,4,100,0
images/4348.jpg,4,100,0
images/4349.jpg,4,100,0
images/4350.jpg,4,100,0
images/4351.jpg,4,100,0
images/4352.jpg,4,100,0
images/4353.jpg,4,100,0
images/4354.jpg,4,100,0
images/4355.jpg,4,100,0
images/4356.jpg,4,100,0
images/4357.jpg,4,100,0
images/4358.jpg,1,60,0
images/4359.jpg,1,60,0
images/4360.jpg,1,60,0
images/4361.jpg,1,60,0
images/4362.jpg,1,60,0
images/4363.jpg,1,60,0
images/4364.jpg,1,60,0
images/4365.jpg,1,60,0
images/4366.jpg,1,60,0
images/4367.jpg,1,60,0
images/4368.jpg,1,60,0
images/4369.jpg,3,100,0
images/4370.jpg,3,100,0
images/4371.jpg,3,100,0
images/4372.jpg,3,100,0
images/4373.jpg,3,100,0
images/4374.jpg,3,100,0
images/4375.jpg,3,100,0
images/4376.jpg,1,60,0
images/4377.jpg,1,60,0
images/4378.jpg,1,60,0
images/4379.jpg,1,60,0
images/4380.jpg,1,60,0
images/4381.jpg,1,60,0
images/4382.jpg,1,60,0
images/4383.jpg,1,60,0
images/4384.jpg,4,100,0
images/4385.jpg,4,100,0
images/4386.jpg,4,100,0
images/4387.jpg,4,100,0
images/4388.jpg,4,100,0
images/4389.jpg,4,100,0
images/4390.jpg,4,100,0
images/4391.jpg,4,100,0
images/4392.jpg,4,100,0
images/4393.jpg,4,100,0
images/4394.jpg,4,100,0
images/4395.jpg,4,100,0
images/4396.jpg,4,100,0
images/4397.jpg,4,100,0
images/4398.jpg,4,100,0
images/4399.jpg,4,100,0
images/4400.jpg,4,100,0
images/4401.jpg,4,100,0
images/4402.jpg,4,100,0
images/4403.jpg,4,100,0
images/4404.jpg,4,100,0
images/4405.jpg,4,100,0
images/4406.jpg,4,100,0
images/4407.jpg,4,100,0
images/4408.jpg,4,100,0
images/4409.jpg,4,100,0
images/4410.jpg,4,100,0
images/4411.jpg,4,100,0
images/4412.jpg,4,100,0
images/4413.jpg,0,60,0
images/4414.jpg,0,60,0
images/4415.jpg,4,100,0
images/4416.jpg,1,60,0
images/4417.jpg,1,60,0
images/4418.jpg,1,60,0
images/4419.jpg,1,60,0
images/4420.jpg,1,60,0
images/4421.jpg,1,60,0
images/4422.jpg,1,60,0
images/4423.jpg,1,60,0
images/4424.jpg,1,60,0
images/4425.jpg,1,60,0
images/4426.jpg,1,60,0
images/4427.jpg,1,60,0
images/4428.jpg,1,60,0
images/4429.jpg,1,60,0
images/4430.jpg,4,100,0
images/4431.jpg,4,100,0
images/4432.jpg,4,100,0
images/4433.jpg,4,100,0
images/4434.jpg,4,100,0
images/4435.jpg,4,100,0
images/4436.jpg,1,60,0
images/4437.jpg,1,60,0
images/4438.jpg,1,60,0
images/4439.jpg,1,60,0
images/4440.jpg,1,60,0
images/4441.jpg,1,60,0
images/4442.jpg,1,60,0
images/4443.jpg,1,60,0
images/4444.jpg,1,60,0
images/4445.jpg,1,60,0
images/4446.jpg,1,60,0
images/4447.jpg,1,60,0
images/4448.jpg,1,60,0
images/4449.jpg,3,100,0
images/4450.jpg,3,100,0
images/4451.jpg,3,100,0
images/4452.jpg,3,100,0
images/4453.jpg,3,100,0
images/4454.jpg,0,60,0
images/4455.jpg,4,100,0
images/4456.jpg,4,100,0
images/4457.jpg,4,100,0
images/4458.jpg,4,100,0
images/4459.jpg,4,100,0
images/4460.jpg,4,100,0
images/4461.jpg,4,100,0
images/4462.jpg,4,100,0
images/4463.jpg,1,60,0
images/4464.jpg,1,60,0
images/4465.jpg,1,60,0
images/4466.jpg,1,60,0
images/4467.jpg,1,60,0
images/4468.jpg,1,60,0
images/4469.jpg,1,60,0
images/4470.jpg,1,60,0
images/4471.jpg,1,60,0
images/4472.jpg,1,60,0
images/4473.jpg,1,60,0
images/4474.jpg,1,60,0
images/4475.jpg,1,60,0
images/4476.jpg,1,60,0
images/4477.jpg,1,60,0
images/4478.jpg,1,60,0
images/4479.jpg,1,60,0
images/4480.jpg,1,60,0
images/4481.jpg,1,60,0
images/4482.jpg,1,60,0
images/4483.jpg,1,60,0
images/4484.jpg,1,60,0
images/4485.jpg,1,60,0
images/4486.jpg,1,60,0
images/4487.jpg,1,60,0
images/4488.jpg,1,60,0
images/4489.jpg,1,60,0
images/4490.jpg,1,60,0
images/4491.jpg,1,60,0
images/4492.jpg,4,100,0
images/4493.jpg,4,100,0
images/4494.jpg,4,100,0
images/4495.jpg,4,100,0
images/4496.jpg,4,100,0
images/4497.jpg,4,100,0
images/4498.jpg,4,100,0
images/4499.jpg,4,100,0
images/4500.jpg,4,100,0
images/4501.jpg,4,100,0
images/4502.jpg,4,100,0
images/4503.jpg,4,100,0
images/4504.jpg,4,100,0
images/4505.jpg,4,100,0
images/4506.jpg,4,100,0
images/4507.jpg,4,100,0
images/4508.jpg,4,100,0
images/4509.jpg,4,100,0
images/4510.jpg,4,100,0
images/4511.jpg,4,100,0
images/4512.jpg,4,100,0
images/4513.jpg,4,100,0
images/4514.jpg,4,100,0
images/4515.jpg,4,100,0
images/4516.jpg,4,100,0
images/4517.jpg,4,100,0
images/4518.jpg,4,100,0
images/4519.jpg,4,100,0
images/4520.jpg,4,100,0
images/4521.jpg,4,100,0
images/4522.jpg,0,60,0
images/4523.jpg,1,60,0
images/4524.jpg,1,60,0
images/4525.jpg,1,60,0
images/4526.jpg,1,60,0
images/4527.jpg,1,60,0
images/4528.jpg,1,60,0
images/4529.jpg,1,60,0
images/4530.jpg,1,60,0
images/4531.jpg,1,60,0
images/4532.jpg,1,60,0
images/4533.jpg,1,60,0
images/4534.jpg,1,60,0
images/4535.jpg,1,60,0
images/4536.jpg,1,60,0
images/4537.jpg,1,60,0
images/4538.jpg,1,60,0
images/4539.jpg,1,60,0
images/4540.jpg,1,60,0
images/4541.jpg,1,60,0
images/4542.jpg,1,60,0
images/4543.jpg,1,60,0
images/4544.jpg,1,60,0
images/4545.jpg,1,60,0
images/4546.jpg,1,60,0
images/4547.jpg,1,60,0
images/4548.jpg,1,60,0
images/4549.jpg,1,60,0
images/4550.jpg,4,100,0
images/4551.jpg,4,100,0
images/4552.jpg,4,100,0
images/4553.jpg,4,100,0
images/4554.jpg,4,100,0
images/4555.jpg,4,100,0
images/4556.jpg,4,100,0
images/4557.jpg,4,100,0
images/4558.jpg,4,100,0
images/4559.jpg,4,100,0
images/4560.jpg,4,100,0
images/4561.jpg,4,100,0
images/4562.jpg,4,100,0
images/4563.jpg,4,100,0
images/4564.jpg,4,100,0
images/4565.jpg,4,100,0
images/4566.jpg,4,100,0
images/4567.jpg,4,100,0
images/4568.jpg,4,100,0
images/4569.jpg,4,100,0
images/4570.jpg,4,100,0
images/4571.jpg,4,100,0
images/4572.jpg,4,100,0
images/4573.jpg,4,100,0
images/4574.jpg,4,100,0
images/4575.jpg,4,100,0
images/4576.jpg,1,60,0
images/4577.jpg,0,60,0
images/4578.jpg,0,60,0
images/4579.jpg,4,100,0
images/4580.jpg,4,100,0
images/4581.jpg,4,100,0
images/4582.jpg,4,100,0
images/4583.jpg,4,100,0
images/4584.jpg,4,100,0
images/4585.jpg,1,60,0
images/4586.jpg,3,100,0
images/4587.jpg,3,100,0
images/4588.jpg,3,100,0
images/4589.jpg,3,100,0
images/4590.jpg,3,100,0
images/4591.jpg,3,100,0
images/4592.jpg,1,60,0
images/4593.jpg,1,60,0
images/4594.jpg,1,60,0
images/4595.jpg,1,60,0
images/4596.jpg,1,60,0
images/4597.jpg,1,60,0
images/4598.jpg,1,60,0
images/4599.jpg,1,60,0
images/4600.jpg,1,60,0
images/4601.jpg,4,100,0
images/4602.jpg,4,100,0
images/4603.jpg,4,100,0
images/4604.jpg,4,100,0
images/4605.jpg,4,100,0
images/4606.jpg,0,60,0
images/4607.jpg,0,60,0
images/4608.jpg,0,60,0
images/4609.jpg,1,60,0
images/4610.jpg,1,60,0
images/4611.jpg,1,60,0
images/4612.jpg,1,60,0
images/4613.jpg,1,60,0
images/4614.jpg,1,60,0
images/4615.jpg,1,60,0
images/4616.jpg,1,60,0
images/4617.jpg,1,60,0
images/4618.jpg,1,60,0
images/4619.jpg,1,60,0
images/4620.jpg,1,60,0
images/4621.jpg,1,60,0
images/4622.jpg,1,60,0
images/4623.jpg,1,60,0
images/4624.jpg,1,60,0
images/4625.jpg,1,60,0
images/4626.jpg,4,100,0
images/4627.jpg,4,100,0
images/4628.jpg,4,100,0
images/4629.jpg,4,100,0
images/4630.jpg,4,100,0
images/4631.jpg,4,100,0
images/4632.jpg,4,100,0
images/4633.jpg,1,60,0
images/4634.jpg,1,60,0
images/4635.jpg,1,60,0
images/4636.jpg,1,60,0
images/4637.jpg,1,60,0
images/4638.jpg,1,60,0
images/4639.jpg,1,60,0
images/4640.jpg,1,60,0
images/4641.jpg,1,60,0
images/4642.jpg,1,60,0
images/4643.jpg,1,60,0
images/4644.jpg,1,60,0
images/4645.jpg,1,60,0
images/4646.jpg,1,60,0
images/4647.jpg,1,60,0
images/4648.jpg,1,60,0
images/4649.jpg,1,60,0
images/4650.jpg,1,60,0
images/4651.jpg,1,60,0
images/4652.jpg,1,60,0
images/4653.jpg,1,60,0
images/4654.jpg,1,60,0
images/4655.jpg,1,60,0
images/4656.jpg,1,60,0
images/4657.jpg,1,60,0
images/4658.jpg,1,60,0
images/4659.jpg,1,60,0
images/4660.jpg,1,60,0
images/4661.jpg,1,60,0
images/4662.jpg,1,60,0
images/4663.jpg,1,60,0
images/4664.jpg,1,60,0
images/4665.jpg,1,60,0
images/4666.jpg,4,100,0
images/4667.jpg,4,100,0
images/4668.jpg,4,100,0
images/4669.jpg,4,100,0
images/4670.jpg,4,100,0
images/4671.jpg,4,100,0
images/4672.jpg,4,100,0
images/4673.jpg,4,100,0
images/4674.jpg,4,100,0
images/4675.jpg,4,100,0
images/4676.jpg,4,100,0
images/4677.jpg,4,100,0
images/4678.jpg,4,100,0
images/4679.jpg,4,100,0
images/4680.jpg,4,100,0
images/4681.jpg,4,100,0
images/4682.jpg,4,100,0
images/4683.jpg,4,100,0
images/4684.jpg,4,100,0
images/4685.jpg,4,100,0
images/4686.jpg,4,100,0
images/4687.jpg,4,100,0
images/4688.jpg,4,100,0
images/4689.jpg,4,100,0
images/4690.jpg,4,100,0
images/4691.jpg,4,100,0
images/4692.jpg,4,100,0
images/4693.jpg,4,100,0
images/4694.jpg,4,100,0
images/4695.jpg,4,100,0
images/4696.jpg,4,100,0
images/4697.jpg,0,60,0
images/4698.jpg,0,60,0
images/4699.jpg,1,60,0
images/4700.jpg,1,60,0
images/4701.jpg,1,60,0
images/4702.jpg,1,60,0
images/4703.jpg,1,60,0
images/4704.jpg,1,60,0
images/4705.jpg,1,60,0
images/4706.jpg,1,60,0
images/4707.jpg,1,60,0
images/4708.jpg,1,60,0
images/4709.jpg,1,60,0
images/4710.jpg,1,60,0
images/4711.jpg,1,60,0
images/4712.jpg,1,60,0
images/4713.jpg,1,60,0
images/4714.jpg,1,60,0
images/4715.jpg,1,60,0
images/4716.jpg,1,60,0
images/4717.jpg,1,60,0
images/4718.jpg,1,60,0
images/4719.jpg,1,60,0
images/4720.jpg,1,60,0
images/4721.jpg,1,60,0
images/4722.jpg,1,60,0
images/4723.jpg,1,60,0
images/4724.jpg,1,60,0
images/4725.jpg,1,60,0
images/4726.jpg,1,60,0
images/4727.jpg,1,60,0
images/4728.jpg,1,60,0
images/4729.jpg,1,60,0
images/4730.jpg,1,60,0
images/4731.jpg,1,60,0
images/4732.jpg,1,60,0
images/4733.jpg,4,100,0
images/4734.jpg,4,100,0
images/4735.jpg,4,100,0
images/4736.jpg,4,100,0
images/4737.jpg,4,100,0
images/4738.jpg,4,100,0
images/4739.jpg,4,100,0
images/4740.jpg,4,100,0
images/4741.jpg,4,100,0
images/4742.jpg,4,100,0
images/4743.jpg,4,100,0
images/4744.jpg,4,100,0
images/4745.jpg,4,100,0
images/4746.jpg,4,100,0
images/4747.jpg,4,100,0
images/4748.jpg,4,100,0
images/4749.jpg,4,100,0
images/4750.jpg,4,100,0
images/4751.jpg,4,100,0
images/4752.jpg,4,100,0
images/4753.jpg,4,100,0
images/4754.jpg,4,100,0
images/4755.jpg,4,100,0
images/4756.jpg,4,100,0
images/4757.jpg,0,60,0
images/4758.jpg,0,60,0
images/4759.jpg,0,60,0
images/4760.jpg,4,100,0
images/4761.jpg,1,60,0
images/4762.jpg,1,60,0
images/4763.jpg,1,60,0
images/4764.jpg,1,60,0
images/4765.jpg,1,60,0
images/4766.jpg,1,60,0
images/4767.jpg,1,60,0
images/4768.jpg,1,60,0
images/4769.jpg,1,60,0
images/4770.jpg,1,60,0
images/4771.jpg,1,60,0
images/4772.jpg,1,60,0
images/4773.jpg,1,60,0
images/4774.jpg,4,100,0
images/4775.jpg,4,100,0
images/4776.jpg,4,100,0
images/4777.jpg,4,100,0
images/4778.jpg,4,100,0
images/4779.jpg,1,60,0
images/4780.jpg,1,60,0
images/4781.jpg,1,60,0
images/4782.jpg,1,60,0
images/4783.jpg,1,60,0
images/4784.jpg,1,60,0
images/4785.jpg,1,60,0
images/4786.jpg,1,60,0
images/4787.jpg,1,60,0
images/4788.jpg,1,60,0
images/4789.jpg,1,60,0
images/4790.jpg,1,60,0
images/4791.jpg,1,60,0
images/4792.jpg,1,60,0
images/4793.jpg,1,60,0
images/4794.jpg,1,60,0
images/4795.jpg,1,60,0
images/4796.jpg,1,60,0
images/4797.jpg,1,60,0
images/4798.jpg,1,60,0
images/4799.jpg,1,60,0
images/4800.jpg,1,60,0
images/4801.jpg,1,60,0
images/4802.jpg,1,60,0
images/4803.jpg,1,60,0
images/4804.jpg,1,60,0
images/4805.jpg,1,60,0
images/4806.jpg,1,60,0
images/4807.jpg,1,60,0
images/4808.jpg,1,60,0
images/4809.jpg,1,60,0
images/4810.jpg,1,60,0
images/4811.jpg,1,60,0
images/4812.jpg,1,60,0
images/4813.jpg,1,60,0
images/4814.jpg,1,60,0
images/4815.jpg,1,60,0
images/4816.jpg,1,60,0
images/4817.jpg,1,60,0
images/4818.jpg,1,60,0
images/4819.jpg,1,60,0
images/4820.jpg,1,60,0
images/4821.jpg,1,60,0
images/4822.jpg,4,100,0
images/4823.jpg,4,100,0
images/4824.jpg,4,100,0
images/4825.jpg,4,100,0
images/4826.jpg,4,100,0
images/4827.jpg,4,100,0
images/4828.jpg,4,100,0
images/4829.jpg,4,100,0
images/4830.jpg,4,100,0
images/4831.jpg,4,100,0
images/4832.jpg,4,100,0
images/4833.jpg,4,100,0
images/4834.jpg,4,100,0
images/4835.jpg,4,100,0
images/4836.jpg,4,100,0
images/4837.jpg,4,100,0
images/4838.jpg,4,100,0
images/4839.jpg,4,100,0
images/4840.jpg,4,100,0
images/4841.jpg,4,100,0
images/4842.jpg,4,100,0
images/4843.jpg,4,100,0
images/4844.jpg,4,100,0
images/4845.jpg,1,60,0
images/4846.jpg,1,60,0
images/4847.jpg,1,60,0
images/4848.jpg,1,60,0
images/4849.jpg,1,60,0
images/4850.jpg,1,60,0
images/4851.jpg,1,60,0
images/4852.jpg,1,60,0
images/4853.jpg,1,60,0
images/4854.jpg,1,60,0
images/4855.jpg,1,60,0
images/4856.jpg,1,60,0
images/4857.jpg,1,60,0
images/4858.jpg,1,60,0
images/4859.jpg,4,100,0
images/4860.jpg,4,100,0
images/4861.jpg,4,100,0
images/4862.jpg,4,100,0
images/4863.jpg,4,100,0
images/4864.jpg,4,100,0
images/4865.jpg,4,100,0
images/4866.jpg,4,100,0
images/4867.jpg,4,100,0
images/4868.jpg,1,60,0
images/4869.jpg,1,60,0
images/4870.jpg,1,60,0
images/4871.jpg,1,60,0
images/4872.jpg,1,60,0
images/4873.jpg,1,60,0
images/4874.jpg,1,60,0
images/4875.jpg,1,60,0
images/4876.jpg,1,60,0
images/4877.jpg,1,60,0
images/4878.jpg,1,60,0
images/4879.jpg,1,60,0
images/4880.jpg,1,60,0
images/4881.jpg,1,60,0
images/4882.jpg,1,60,0
images/4883.jpg,1,60,0
images/4884.jpg,1,60,0
images/4885.jpg,1,60,0
images/4886.jpg,1,60,0
images/4887.jpg,1,60,0
images/4888.jpg,1,60,0
images/4889.jpg,1,60,0
images/4890.jpg,1,60,0
images/4891.jpg,1,60,0
images/4892.jpg,1,60,0
images/4893.jpg,1,60,0
images/4894.jpg,1,60,0
images/4895.jpg,1,60,0
images/4896.jpg,0,60,0
images/4897.jpg,1,60,0
images/4898.jpg,1,60,0
images/4899.jpg,1,60,0
images/4900.jpg,1,60,0
images/4901.jpg,0,60,0
images/4902.jpg,0,60,0
images/4903.jpg,0,60,0
images/4904.jpg,0,60,0
images/4905.jpg,0,60,0
images/4906.jpg,0,60,0
images/4907.jpg,0,60,0
images/4908.jpg,0,60,0
images/4909.jpg,0,60,0
images/4910.jpg,0,60,0
images/4911.jpg,0,60,0
images/4912.jpg,0,60,0
images/4913.jpg,0,60,0
images/4914.jpg,0,60,0
images/4915.jpg,0,60,0
images/4916.jpg,0,60,0
images/4917.jpg,0,60,0
images/4918.jpg,0,60,0
images/4919.jpg,0,60,0
images/4920.jpg,0,60,0
images/4921.jpg,0,60,0
images/4922.jpg,0,60,0
images/4923.jpg,0,60,0
images/4924.jpg,0,60,0
images/4925.jpg,0,60,0
images/4926.jpg,0,60,0
images/4927.jpg,0,60,0
images/4928.jpg,0,60,0
images/4929.jpg,0,60,0
images/4930.jpg,0,60,0
images/4931.jpg,0,60,0
images/4932.jpg,0,60,0
images/4933.jpg,0,60,0
images/4934.jpg,0,60,0
images/4935.jpg,0,60,0
images/4936.jpg,0,60,0
images/4937.jpg,0,60,0
images/4938.jpg,0,60,0
images/4939.jpg,0,60,0
images/4940.jpg,0,60,0
images/4941.jpg,0,60,0
images/4942.jpg,0,60,0
images/4943.jpg,0,60,0
images/4944.jpg,0,60,0
images/4945.jpg,0,60,0
images/4946.jpg,0,60,0
images/4947.jpg,0,60,0
images/4948.jpg,0,60,0
images/4949.jpg,0,60,0
images/4950.jpg,0,60,0
