images/0.jpg,0,60,0
images/1.jpg,0,60,0
images/2.jpg,0,60,0
images/3.jpg,0,60,0
images/4.jpg,0,60,0
images/5.jpg,0,60,0
images/6.jpg,0,60,0
images/7.jpg,0,60,0
images/8.jpg,0,60,0
images/9.jpg,0,60,0
images/10.jpg,0,60,0
images/11.jpg,0,60,0
images/12.jpg,0,60,0
images/13.jpg,0,60,0
images/14.jpg,0,60,0
images/15.jpg,0,60,0
images/16.jpg,0,60,0
images/17.jpg,0,60,0
images/18.jpg,0,60,0
images/19.jpg,0,60,0
images/20.jpg,0,60,0
images/21.jpg,0,60,0
images/22.jpg,0,60,0
images/23.jpg,0,60,0
images/24.jpg,0,60,0
images/25.jpg,0,60,0
images/26.jpg,0,60,0
images/27.jpg,0,60,0
images/28.jpg,0,60,0
images/29.jpg,0,60,0
images/30.jpg,0,60,0
images/31.jpg,0,60,0
images/32.jpg,0,60,0
images/33.jpg,0,60,0
images/34.jpg,0,60,0
images/35.jpg,1,60,0
images/36.jpg,1,60,0
images/37.jpg,1,60,0
images/38.jpg,1,60,0
images/39.jpg,1,60,0
images/40.jpg,1,60,0
images/41.jpg,1,60,0
images/42.jpg,1,60,0
images/43.jpg,1,60,0
images/44.jpg,1,60,0
images/45.jpg,3,100,1
images/46.jpg,3,100,1
images/47.jpg,3,100,1
images/48.jpg,3,100,1
images/49.jpg,3,100,1
images/50.jpg,3,100,1
images/51.jpg,1,60,0
images/52.jpg,1,60,0
images/53.jpg,1,60,0
images/54.jpg,1,60,0
images/55.jpg,1,60,0
images/56.jpg,1,60,0
images/57.jpg,1,60,0
images/58.jpg,1,60,0
images/59.jpg,3,100,1
images/60.jpg,3,100,1
images/61.jpg,3,100,1
images/62.jpg,3,100,1
images/63.jpg,3,100,1
images/64.jpg,3,100,1
images/65.jpg,3,100,1
images/66.jpg,3,100,1
images/67.jpg,3,100,1
images/68.jpg,3,100,1
images/69.jpg,3,100,1
images/70.jpg,3,100,1
images/71.jpg,3,100,1
images/72.jpg,3,100,1
images/73.jpg,3,100,1
images/74.jpg,3,100,1
images/75.jpg,3,100,1
images/76.jpg,3,100,1
images/77.jpg,3,100,1
images/78.jpg,3,100,1
images/79.jpg,3,100,1
images/80.jpg,3,100,1
images/81.jpg,3,100,1
images/82.jpg,1,60,0
images/83.jpg,1,60,0
images/84.jpg,1,60,0
images/85.jpg,1,60,0
images/86.jpg,1,60,0
images/87.jpg,1,60,0
images/88.jpg,3,100,1
images/89.jpg,3,100,1
images/90.jpg,3,100,1
images/91.jpg,3,100,1
images/92.jpg,3,100,1
images/93.jpg,3,100,1
images/94.jpg,3,100,1
images/95.jpg,3,100,1
images/96.jpg,3,100,1
images/97.jpg,3,100,1
images/98.jpg,3,100,1
images/99.jpg,1,60,0
images/100.jpg,1,60,0
images/101.jpg,1,60,0
images/102.jpg,1,60,0
images/103.jpg,1,60,0
images/104.jpg,1,60,0
images/105.jpg,1,60,0
images/106.jpg,1,60,0
images/107.jpg,1,60,0
images/108.jpg,1,60,0
images/109.jpg,1,60,0
images/110.jpg,1,60,0
images/111.jpg,1,60,0
images/112.jpg,1,60,0
images/113.jpg,1,60,0
images/114.jpg,1,60,0
images/115.jpg,1,60,0
images/116.jpg,1,60,0
images/117.jpg,1,60,0
images/118.jpg,1,60,0
images/119.jpg,1,60,0
images/120.jpg,1,60,0
images/121.jpg,1,60,0
images/122.jpg,1,60,0
images/123.jpg,1,60,0
images/124.jpg,1,60,0
images/125.jpg,1,60,0
images/126.jpg,1,60,0
images/127.jpg,3,100,1
images/128.jpg,3,100,1
images/129.jpg,3,100,1
images/130.jpg,3,100,1
images/131.jpg,3,100,1
images/132.jpg,3,100,1
images/133.jpg,3,100,1
images/134.jpg,3,100,1
images/135.jpg,3,100,1
images/136.jpg,3,100,1
images/137.jpg,3,100,1
images/138.jpg,3,100,1
images/139.jpg,3,100,1
images/140.jpg,3,100,1
images/141.jpg,3,100,1
images/142.jpg,3,100,1
images/143.jpg,3,100,1
images/144.jpg,3,100,1
images/145.jpg,3,100,1
images/146.jpg,3,100,1
images/147.jpg,3,100,1
images/148.jpg,3,100,1
images/149.jpg,3,100,1
images/150.jpg,3,100,1
images/151.jpg,3,100,1
images/152.jpg,3,100,1
images/153.jpg,3,100,1
images/154.jpg,3,100,1
images/155.jpg,3,100,1
images/156.jpg,3,100,1
images/157.jpg,3,100,1
images/158.jpg,3,100,1
images/159.jpg,3,100,1
images/160.jpg,1,60,0
images/161.jpg,1,60,0
images/162.jpg,1,60,0
images/163.jpg,1,60,0
images/164.jpg,1,60,0
images/165.jpg,1,60,0
images/166.jpg,1,60,0
images/167.jpg,1,60,0
images/168.jpg,1,60,0
images/169.jpg,3,100,1
images/170.jpg,3,100,1
images/171.jpg,3,100,1
images/172.jpg,3,100,1
images/173.jpg,3,100,1
images/174.jpg,3,100,1
images/175.jpg,1,60,0
images/176.jpg,1,60,0
images/177.jpg,1,60,0
images/178.jpg,1,60,0
images/179.jpg,1,60,0
images/180.jpg,1,60,0
images/181.jpg,1,60,0
images/182.jpg,1,60,0
images/183.jpg,1,60,0
images/184.jpg,1,60,0
images/185.jpg,3,100,1
images/186.jpg,3,100,1
images/187.jpg,3,100,1
images/188.jpg,3,100,1
images/189.jpg,3,100,1
images/190.jpg,3,100,1
images/191.jpg,3,100,1
images/192.jpg,3,100,1
images/193.jpg,3,100,1
images/194.jpg,3,100,1
images/195.jpg,3,100,1
images/196.jpg,3,100,1
images/197.jpg,3,100,1
images/198.jpg,3,100,1
images/199.jpg,3,100,1
images/200.jpg,3,100,1
images/201.jpg,3,100,1
images/202.jpg,3,100,1
images/203.jpg,3,100,1
images/204.jpg,3,100,1
images/205.jpg,3,100,1
images/206.jpg,3,100,1
images/207.jpg,3,100,1
images/208.jpg,3,100,1
images/209.jpg,3,100,1
images/210.jpg,3,100,1
images/211.jpg,3,100,1
images/212.jpg,3,100,1
images/213.jpg,3,100,1
images/214.jpg,3,100,1
images/215.jpg,3,100,1
images/216.jpg,1,60,0
images/217.jpg,1,60,0
images/218.jpg,1,60,0
images/219.jpg,1,60,0
images/220.jpg,1,60,0
images/221.jpg,1,60,0
images/222.jpg,1,60,0
images/223.jpg,1,60,0
images/224.jpg,1,60,0
images/225.jpg,1,60,0
images/226.jpg,1,60,0
images/227.jpg,1,60,0
images/228.jpg,1,60,0
images/229.jpg,1,60,0
images/230.jpg,1,60,0
images/231.jpg,1,60,0
images/232.jpg,1,60,0
images/233.jpg,1,60,0
images/234.jpg,1,60,0
images/235.jpg,1,60,0
images/236.jpg,1,60,0
images/237.jpg,1,60,0
images/238.jpg,1,60,0
images/239.jpg,1,60,0
images/240.jpg,1,60,0
images/241.jpg,1,60,0
images/242.jpg,1,60,0
images/243.jpg,3,100,1
images/244.jpg,3,100,1
images/245.jpg,3,100,1
images/246.jpg,3,100,1
images/247.jpg,3,100,1
images/248.jpg,3,100,1
images/249.jpg,3,100,1
images/250.jpg,3,100,1
images/251.jpg,3,100,1
images/252.jpg,3,100,1
images/253.jpg,3,100,1
images/254.jpg,3,100,1
images/255.jpg,3,100,1
images/256.jpg,3,100,1
images/257.jpg,3,100,1
images/258.jpg,3,100,1
images/259.jpg,3,100,1
images/260.jpg,3,100,1
images/261.jpg,3,100,1
images/262.jpg,3,100,1
images/263.jpg,3,100,1
images/264.jpg,3,100,1
images/265.jpg,3,100,1
images/266.jpg,3,100,1
images/267.jpg,3,100,1
images/268.jpg,3,100,1
images/269.jpg,3,100,1
images/270.jpg,3,100,1
images/271.jpg,3,100,1
images/272.jpg,3,100,1
images/273.jpg,3,100,1
images/274.jpg,3,100,1
images/275.jpg,3,100,1
images/276.jpg,3,100,1
images/277.jpg,1,60,0
images/278.jpg,1,60,0
images/279.jpg,1,60,0
images/280.jpg,1,60,0
images/281.jpg,1,60,0
images/282.jpg,1,60,0
images/283.jpg,1,60,0
images/284.jpg,1,60,0
images/285.jpg,1,60,0
images/286.jpg,1,60,0
images/287.jpg,3,100,1
images/288.jpg,3,100,1
images/289.jpg,3,100,1
images/290.jpg,3,100,1
images/291.jpg,3,100,1
images/292.jpg,3,100,1
images/293.jpg,3,100,1
images/294.jpg,3,100,1
images/295.jpg,3,100,1
images/296.jpg,3,100,1
images/297.jpg,3,100,1
images/298.jpg,3,100,1
images/299.jpg,3,100,1
images/300.jpg,3,100,1
images/301.jpg,3,100,1
images/302.jpg,3,100,1
images/303.jpg,3,100,1
images/304.jpg,3,100,1
images/305.jpg,3,100,1
images/306.jpg,3,100,1
images/307.jpg,3,100,1
images/308.jpg,3,100,1
images/309.jpg,3,100,1
images/310.jpg,3,100,1
images/311.jpg,3,100,1
images/312.jpg,3,100,1
images/313.jpg,3,100,1
images/314.jpg,3,100,1
images/315.jpg,3,100,1
images/316.jpg,1,60,0
images/317.jpg,1,60,0
images/318.jpg,1,60,0
images/319.jpg,1,60,0
images/320.jpg,0,60,0
images/321.jpg,0,60,0
images/322.jpg,3,100,1
images/323.jpg,3,100,1
images/324.jpg,3,100,1
images/325.jpg,3,100,1
images/326.jpg,3,100,1
images/327.jpg,3,100,1
images/328.jpg,1,60,0
images/329.jpg,1,60,0
images/330.jpg,1,60,0
images/331.jpg,1,60,0
images/332.jpg,1,60,0
images/333.jpg,1,60,0
images/334.jpg,1,60,0
images/335.jpg,1,60,0
images/336.jpg,1,60,0
images/337.jpg,1,60,0
images/338.jpg,1,60,0
images/339.jpg,1,60,0
images/340.jpg,1,60,0
images/341.jpg,1,60,0
images/342.jpg,1,60,0
images/343.jpg,1,60,0
images/344.jpg,1,60,0
images/345.jpg,1,60,0
images/346.jpg,1,60,0
images/347.jpg,1,60,0
images/348.jpg,1,60,0
images/349.jpg,1,60,0
images/350.jpg,1,60,0
images/351.jpg,1,60,0
images/352.jpg,1,60,0
images/353.jpg,1,60,0
images/354.jpg,1,60,0
images/355.jpg,1,60,0
images/356.jpg,1,60,0
images/357.jpg,1,60,0
images/358.jpg,1,60,0
images/359.jpg,1,60,0
images/360.jpg,1,60,0
images/361.jpg,1,60,0
images/362.jpg,1,60,0
images/363.jpg,1,60,0
images/364.jpg,3,100,1
images/365.jpg,3,100,1
images/366.jpg,3,100,1
images/367.jpg,3,100,1
images/368.jpg,3,100,1
images/369.jpg,3,100,1
images/370.jpg,3,100,1
images/371.jpg,3,100,1
images/372.jpg,3,100,1
images/373.jpg,3,100,1
images/374.jpg,3,100,1
images/375.jpg,3,100,1
images/376.jpg,3,100,1
images/377.jpg,3,100,1
images/378.jpg,3,100,1
images/379.jpg,3,100,1
images/380.jpg,3,100,1
images/381.jpg,3,100,1
images/382.jpg,3,100,1
images/383.jpg,3,100,1
images/384.jpg,3,100,1
images/385.jpg,3,100,1
images/386.jpg,3,100,1
images/387.jpg,3,100,1
images/388.jpg,3,100,1
images/389.jpg,3,100,1
images/390.jpg,3,100,1
images/391.jpg,3,100,1
images/392.jpg,3,100,1
images/393.jpg,3,100,1
images/394.jpg,3,100,1
images/395.jpg,3,100,1
images/396.jpg,3,100,1
images/397.jpg,3,100,1
images/398.jpg,3,100,1
images/399.jpg,3,100,1
images/400.jpg,3,100,1
images/401.jpg,3,100,1
images/402.jpg,3,100,1
images/403.jpg,3,100,1
images/404.jpg,3,100,1
images/405.jpg,3,100,1
images/406.jpg,3,100,1
images/407.jpg,3,100,1
images/408.jpg,3,100,1
images/409.jpg,3,100,1
images/410.jpg,1,60,0
images/411.jpg,1,60,0
images/412.jpg,1,60,0
images/413.jpg,1,60,0
images/414.jpg,1,60,0
images/415.jpg,1,60,0
images/416.jpg,1,60,0
images/417.jpg,1,60,0
images/418.jpg,1,60,0
images/419.jpg,1,60,0
images/420.jpg,3,100,1
images/421.jpg,3,100,1
images/422.jpg,3,100,1
images/423.jpg,3,100,1
images/424.jpg,3,100,1
images/425.jpg,3,100,1
images/426.jpg,3,100,1
images/427.jpg,3,100,1
images/428.jpg,3,100,1
images/429.jpg,3,100,1
images/430.jpg,3,100,1
images/431.jpg,3,100,1
images/432.jpg,3,100,1
images/433.jpg,3,100,1
images/434.jpg,3,100,1
images/435.jpg,3,100,1
images/436.jpg,3,100,1
images/437.jpg,1,60,0
images/438.jpg,1,60,0
images/439.jpg,0,60,0
images/440.jpg,0,60,0
images/441.jpg,0,60,0
images/442.jpg,4,100,1
images/443.jpg,4,100,1
images/444.jpg,0,60,0
images/445.jpg,0,60,0
images/446.jpg,0,60,0
images/447.jpg,0,60,0
images/448.jpg,0,60,0
images/449.jpg,0,60,0
images/450.jpg,0,100,0
images/451.jpg,0,100,0
images/452.jpg,0,100,0
images/453.jpg,0,100,0
images/454.jpg,0,100,0
images/455.jpg,1,100,0
images/456.jpg,1,100,0
images/457.jpg,1,100,0
images/458.jpg,1,100,0
images/459.jpg,1,100,0
images/460.jpg,1,100,0
images/461.jpg,3,100,1
images/462.jpg,3,100,1
images/463.jpg,3,100,1
images/464.jpg,3,100,1
images/465.jpg,3,100,1
images/466.jpg,3,100,1
images/467.jpg,3,100,1
images/468.jpg,3,100,1
images/469.jpg,3,100,1
images/470.jpg,1,100,0
images/471.jpg,1,100,0
images/472.jpg,1,100,0
images/473.jpg,1,100,0
images/474.jpg,1,100,0
images/475.jpg,3,100,1
images/476.jpg,3,100,1
images/477.jpg,3,100,1
images/478.jpg,3,100,1
images/479.jpg,3,100,1
images/480.jpg,3,100,1
images/481.jpg,1,100,0
images/482.jpg,1,100,0
images/483.jpg,1,100,0
images/484.jpg,1,100,0
images/485.jpg,1,100,0
images/486.jpg,1,100,0
images/487.jpg,1,100,0
images/488.jpg,1,100,0
images/489.jpg,1,100,0
images/490.jpg,1,100,0
images/491.jpg,1,100,0
images/492.jpg,1,100,0
images/493.jpg,1,100,0
images/494.jpg,3,100,1
images/495.jpg,3,100,1
images/496.jpg,3,100,1
images/497.jpg,3,100,1
images/498.jpg,3,100,1
images/499.jpg,3,100,1
images/500.jpg,3,100,1
images/501.jpg,3,100,1
images/502.jpg,3,100,1
images/503.jpg,3,100,1
images/504.jpg,3,100,1
images/505.jpg,3,100,1
images/506.jpg,3,100,1
images/507.jpg,3,100,1
images/508.jpg,3,100,1
images/509.jpg,3,100,1
images/510.jpg,3,100,1
images/511.jpg,3,100,1
images/512.jpg,3,100,1
images/513.jpg,3,100,1
images/514.jpg,3,100,1
images/515.jpg,3,100,1
images/516.jpg,3,100,1
images/517.jpg,3,100,1
images/518.jpg,3,100,1
images/519.jpg,3,100,1
images/520.jpg,3,100,1
images/521.jpg,3,100,1
images/522.jpg,3,100,1
images/523.jpg,3,100,1
images/524.jpg,3,100,1
images/525.jpg,3,100,1
images/526.jpg,3,100,1
images/527.jpg,3,100,1
images/528.jpg,1,100,0
images/529.jpg,1,100,0
images/530.jpg,1,100,0
images/531.jpg,1,100,0
images/532.jpg,1,100,0
images/533.jpg,1,100,0
images/534.jpg,1,100,0
images/535.jpg,1,100,0
images/536.jpg,1,100,0
images/537.jpg,3,100,1
images/538.jpg,3,100,1
images/539.jpg,3,100,1
images/540.jpg,3,100,1
images/541.jpg,3,100,1
images/542.jpg,3,100,1
images/543.jpg,3,100,1
images/544.jpg,3,100,1
images/545.jpg,3,100,1
images/546.jpg,3,100,1
images/547.jpg,3,100,1
images/548.jpg,3,100,1
images/549.jpg,3,100,1
images/550.jpg,3,100,1
images/551.jpg,3,100,1
images/552.jpg,3,100,1
images/553.jpg,3,100,1
images/554.jpg,3,100,1
images/555.jpg,3,100,1
images/556.jpg,3,100,1
images/557.jpg,3,100,1
images/558.jpg,3,100,1
images/559.jpg,1,100,0
images/560.jpg,1,100,0
images/561.jpg,1,100,0
images/562.jpg,1,100,0
images/563.jpg,1,100,0
images/564.jpg,1,100,0
images/565.jpg,1,100,0
images/566.jpg,1,100,0
images/567.jpg,1,100,0
images/568.jpg,1,100,0
images/569.jpg,3,100,1
images/570.jpg,3,100,1
images/571.jpg,3,100,1
images/572.jpg,3,100,1
images/573.jpg,3,100,1
images/574.jpg,3,100,1
images/575.jpg,3,100,1
images/576.jpg,3,100,1
images/577.jpg,3,100,1
images/578.jpg,3,100,1
images/579.jpg,3,100,1
images/580.jpg,3,100,1
images/581.jpg,1,100,0
images/582.jpg,1,100,0
images/583.jpg,1,100,0
images/584.jpg,1,100,0
images/585.jpg,1,100,0
images/586.jpg,1,100,0
images/587.jpg,1,100,0
images/588.jpg,1,100,0
images/589.jpg,1,100,0
images/590.jpg,1,100,0
images/591.jpg,1,100,0
images/592.jpg,1,100,0
images/593.jpg,1,100,0
images/594.jpg,1,100,0
images/595.jpg,1,100,0
images/596.jpg,1,100,0
images/597.jpg,1,100,0
images/598.jpg,3,100,1
images/599.jpg,3,100,1
images/600.jpg,3,100,1
images/601.jpg,3,100,1
images/602.jpg,3,100,1
images/603.jpg,3,100,1
images/604.jpg,3,100,1
images/605.jpg,3,100,1
images/606.jpg,3,100,1
images/607.jpg,3,100,1
images/608.jpg,3,100,1
images/609.jpg,3,100,1
images/610.jpg,3,100,1
images/611.jpg,3,100,1
images/612.jpg,3,100,1
images/613.jpg,3,100,1
images/614.jpg,1,100,0
images/615.jpg,1,100,0
images/616.jpg,1,100,0
images/617.jpg,3,100,1
images/618.jpg,3,100,1
images/619.jpg,3,100,1
images/620.jpg,3,100,1
images/621.jpg,3,100,1
images/622.jpg,3,100,1
images/623.jpg,3,100,1
images/624.jpg,3,100,1
images/625.jpg,3,100,1
images/626.jpg,3,100,1
images/627.jpg,3,100,1
images/628.jpg,3,100,1
images/629.jpg,3,100,1
images/630.jpg,3,100,1
images/631.jpg,3,100,1
images/632.jpg,3,100,1
images/633.jpg,3,100,1
images/634.jpg,3,100,1
images/635.jpg,3,100,1
images/636.jpg,3,100,1
images/637.jpg,3,100,1
images/638.jpg,1,100,0
images/639.jpg,1,100,0
images/640.jpg,1,100,0
images/641.jpg,1,100,0
images/642.jpg,1,100,0
images/643.jpg,3,100,1
images/644.jpg,3,100,1
images/645.jpg,3,100,1
images/646.jpg,3,100,1
images/647.jpg,3,100,1
images/648.jpg,3,100,1
images/649.jpg,1,100,0
images/650.jpg,1,100,0
images/651.jpg,1,100,0
images/652.jpg,1,100,0
images/653.jpg,1,100,0
images/654.jpg,1,100,0
images/655.jpg,1,100,0
images/656.jpg,3,100,1
images/657.jpg,3,100,1
images/658.jpg,3,100,1
images/659.jpg,3,100,1
images/660.jpg,3,100,1
images/661.jpg,3,100,1
images/662.jpg,3,100,1
images/663.jpg,3,100,1
images/664.jpg,3,100,1
images/665.jpg,3,100,1
images/666.jpg,3,100,1
images/667.jpg,3,100,1
images/668.jpg,3,100,1
images/669.jpg,3,100,1
images/670.jpg,3,100,1
images/671.jpg,3,100,1
images/672.jpg,3,100,1
images/673.jpg,3,100,1
images/674.jpg,3,100,1
images/675.jpg,3,100,1
images/676.jpg,3,100,1
images/677.jpg,1,100,0
images/678.jpg,1,100,0
images/679.jpg,1,100,0
images/680.jpg,0,100,0
images/681.jpg,0,100,0
images/682.jpg,0,100,0
images/683.jpg,0,100,0
images/684.jpg,0,100,0
images/685.jpg,0,100,0
images/686.jpg,0,40,0
images/687.jpg,0,40,0
images/688.jpg,0,40,0
images/689.jpg,0,40,0
images/690.jpg,0,40,0
images/691.jpg,0,40,0
images/692.jpg,1,40,0
images/693.jpg,1,40,0
images/694.jpg,1,40,0
images/695.jpg,1,40,0
images/696.jpg,1,40,0
images/697.jpg,1,40,0
images/698.jpg,1,40,0
images/699.jpg,1,40,0
images/700.jpg,1,40,0
images/701.jpg,3,100,1
images/702.jpg,3,100,1
images/703.jpg,3,100,1
images/704.jpg,3,100,1
images/705.jpg,3,100,1
images/706.jpg,3,100,1
images/707.jpg,1,40,0
images/708.jpg,1,40,0
images/709.jpg,1,40,0
images/710.jpg,1,40,0
images/711.jpg,1,40,0
images/712.jpg,1,40,0
images/713.jpg,1,40,0
images/714.jpg,1,40,0
images/715.jpg,1,40,0
images/716.jpg,1,40,0
images/717.jpg,1,40,0
images/718.jpg,1,40,0
images/719.jpg,1,40,0
images/720.jpg,1,40,0
images/721.jpg,1,40,0
images/722.jpg,1,40,0
images/723.jpg,1,40,0
images/724.jpg,1,40,0
images/725.jpg,1,40,0
images/726.jpg,1,40,0
images/727.jpg,1,40,0
images/728.jpg,1,40,0
images/729.jpg,1,40,0
images/730.jpg,3,100,1
images/731.jpg,3,100,1
images/732.jpg,3,100,1
images/733.jpg,3,100,1
images/734.jpg,3,100,1
images/735.jpg,3,100,1
images/736.jpg,3,100,1
images/737.jpg,3,100,1
images/738.jpg,3,100,1
images/739.jpg,3,100,1
images/740.jpg,3,100,1
images/741.jpg,3,100,1
images/742.jpg,3,100,1
images/743.jpg,3,100,1
images/744.jpg,3,100,1
images/745.jpg,3,100,1
images/746.jpg,3,100,1
images/747.jpg,3,100,1
images/748.jpg,3,100,1
images/749.jpg,3,100,1
images/750.jpg,3,100,1
images/751.jpg,3,100,1
images/752.jpg,3,100,1
images/753.jpg,3,100,1
images/754.jpg,3,100,1
images/755.jpg,3,100,1
images/756.jpg,3,100,1
images/757.jpg,1,40,0
images/758.jpg,1,40,0
images/759.jpg,1,40,0
images/760.jpg,1,40,0
images/761.jpg,1,40,0
images/762.jpg,1,40,0
images/763.jpg,3,100,1
images/764.jpg,3,100,1
images/765.jpg,3,100,1
images/766.jpg,3,100,1
images/767.jpg,3,100,1
images/768.jpg,3,100,1
images/769.jpg,1,40,0
images/770.jpg,1,40,0
images/771.jpg,1,40,0
images/772.jpg,1,40,0
images/773.jpg,1,40,0
images/774.jpg,1,40,0
images/775.jpg,1,40,0
images/776.jpg,1,40,0
images/777.jpg,1,40,0
images/778.jpg,1,40,0
images/779.jpg,1,40,0
images/780.jpg,1,40,0
images/781.jpg,3,100,1
images/782.jpg,3,100,1
images/783.jpg,3,100,1
images/784.jpg,3,100,1
images/785.jpg,3,100,1
images/786.jpg,3,100,1
images/787.jpg,3,100,1
images/788.jpg,3,100,1
images/789.jpg,3,100,1
images/790.jpg,3,100,1
images/791.jpg,3,100,1
images/792.jpg,3,100,1
images/793.jpg,3,100,1
images/794.jpg,3,100,1
images/795.jpg,3,100,1
images/796.jpg,3,100,1
images/797.jpg,3,100,1
images/798.jpg,3,100,1
images/799.jpg,3,100,1
images/800.jpg,3,100,1
images/801.jpg,3,100,1
images/802.jpg,3,100,1
images/803.jpg,3,100,1
images/804.jpg,1,40,0
images/805.jpg,1,40,0
images/806.jpg,1,40,0
images/807.jpg,1,40,0
images/808.jpg,1,40,0
images/809.jpg,1,40,0
images/810.jpg,1,40,0
images/811.jpg,1,40,0
images/812.jpg,1,40,0
images/813.jpg,1,40,0
images/814.jpg,1,40,0
images/815.jpg,1,40,0
images/816.jpg,3,100,1
images/817.jpg,3,100,1
images/818.jpg,3,100,1
images/819.jpg,1,40,0
images/820.jpg,1,40,0
images/821.jpg,1,40,0
images/822.jpg,1,40,0
images/823.jpg,1,40,0
images/824.jpg,1,40,0
images/825.jpg,1,40,0
images/826.jpg,1,40,0
images/827.jpg,1,40,0
images/828.jpg,1,40,0
images/829.jpg,1,40,0
images/830.jpg,1,40,0
images/831.jpg,1,40,0
images/832.jpg,1,40,0
images/833.jpg,1,40,0
images/834.jpg,1,40,0
images/835.jpg,1,40,0
images/836.jpg,1,40,0
images/837.jpg,1,40,0
images/838.jpg,1,40,0
images/839.jpg,1,40,0
images/840.jpg,1,40,0
images/841.jpg,1,40,0
images/842.jpg,1,40,0
images/843.jpg,1,40,0
images/844.jpg,1,40,0
images/845.jpg,1,40,0
images/846.jpg,1,40,0
images/847.jpg,1,40,0
images/848.jpg,1,40,0
images/849.jpg,1,40,0
images/850.jpg,1,40,0
images/851.jpg,1,40,0
images/852.jpg,1,40,0
images/853.jpg,3,100,1
images/854.jpg,3,100,1
images/855.jpg,3,100,1
images/856.jpg,3,100,1
images/857.jpg,3,100,1
images/858.jpg,3,100,1
images/859.jpg,3,100,1
images/860.jpg,3,100,1
images/861.jpg,3,100,1
images/862.jpg,3,100,1
images/863.jpg,3,100,1
images/864.jpg,3,100,1
images/865.jpg,3,100,1
images/866.jpg,3,100,1
images/867.jpg,3,100,1
images/868.jpg,3,100,1
images/869.jpg,3,100,1
images/870.jpg,3,100,1
images/871.jpg,3,100,1
images/872.jpg,3,100,1
images/873.jpg,3,100,1
images/874.jpg,3,100,1
images/875.jpg,3,100,1
images/876.jpg,3,100,1
images/877.jpg,3,100,1
images/878.jpg,3,100,1
images/879.jpg,3,100,1
images/880.jpg,3,100,1
images/881.jpg,3,100,1
images/882.jpg,3,100,1
images/883.jpg,3,100,1
images/884.jpg,3,100,1
images/885.jpg,3,100,1
images/886.jpg,3,100,1
images/887.jpg,3,100,1
images/888.jpg,3,100,1
images/889.jpg,1,40,0
images/890.jpg,1,40,0
images/891.jpg,1,40,0
images/892.jpg,1,40,0
images/893.jpg,1,40,0
images/894.jpg,1,40,0
images/895.jpg,1,40,0
images/896.jpg,1,40,0
images/897.jpg,1,40,0
images/898.jpg,1,40,0
images/899.jpg,1,40,0
images/900.jpg,1,40,0
images/901.jpg,1,40,0
images/902.jpg,1,40,0
images/903.jpg,3,100,1
images/904.jpg,3,100,1
images/905.jpg,3,100,1
images/906.jpg,3,100,1
images/907.jpg,3,100,1
images/908.jpg,3,100,1
images/909.jpg,3,100,1
images/910.jpg,3,100,1
images/911.jpg,3,100,1
images/912.jpg,3,100,1
images/913.jpg,3,100,1
images/914.jpg,3,100,1
images/915.jpg,3,100,1
images/916.jpg,3,100,1
images/917.jpg,3,100,1
images/918.jpg,3,100,1
images/919.jpg,3,100,1
images/920.jpg,3,100,1
images/921.jpg,3,100,1
images/922.jpg,3,100,1
images/923.jpg,1,40,0
images/924.jpg,1,40,0
images/925.jpg,1,40,0
images/926.jpg,1,40,0
images/927.jpg,1,40,0
images/928.jpg,1,40,0
images/929.jpg,3,100,1
images/930.jpg,3,100,1
images/931.jpg,3,100,1
images/932.jpg,3,100,1
images/933.jpg,3,100,1
images/934.jpg,3,100,1
images/935.jpg,3,100,1
images/936.jpg,1,40,0
images/937.jpg,1,40,0
images/938.jpg,1,40,0
images/939.jpg,1,40,0
images/940.jpg,1,40,0
images/941.jpg,1,40,0
images/942.jpg,1,40,0
images/943.jpg,1,40,0
images/944.jpg,1,40,0
images/945.jpg,1,40,0
images/946.jpg,1,40,0
images/947.jpg,1,40,0
images/948.jpg,3,100,1
images/949.jpg,3,100,1
images/950.jpg,1,40,0
images/951.jpg,1,40,0
images/952.jpg,1,40,0
images/953.jpg,1,40,0
images/954.jpg,1,40,0
images/955.jpg,1,40,0
images/956.jpg,1,40,0
images/957.jpg,1,40,0
images/958.jpg,1,40,0
images/959.jpg,3,100,1
images/960.jpg,3,100,1
images/961.jpg,1,40,0
images/962.jpg,1,40,0
images/963.jpg,1,40,0
images/964.jpg,1,40,0
images/965.jpg,1,40,0
images/966.jpg,1,40,0
images/967.jpg,1,40,0
images/968.jpg,1,40,0
images/969.jpg,1,40,0
images/970.jpg,1,40,0
images/971.jpg,1,40,0
images/972.jpg,1,40,0
images/973.jpg,1,40,0
images/974.jpg,1,40,0
images/975.jpg,1,40,0
images/976.jpg,1,40,0
images/977.jpg,1,40,0
images/978.jpg,1,40,0
images/979.jpg,1,40,0
images/980.jpg,1,40,0
images/981.jpg,1,40,0
images/982.jpg,1,40,0
images/983.jpg,0,40,0
images/984.jpg,0,40,0
images/985.jpg,0,40,0
images/986.jpg,0,40,0
images/987.jpg,0,40,0
images/988.jpg,0,40,0
images/989.jpg,0,40,0
images/990.jpg,0,40,0
images/991.jpg,0,40,0
images/992.jpg,0,40,0
images/993.jpg,0,40,0
images/994.jpg,0,40,0
images/995.jpg,0,40,0
images/996.jpg,0,40,0
images/997.jpg,0,40,0
images/998.jpg,0,40,0
images/999.jpg,0,40,0
images/1000.jpg,0,40,0
images/1001.jpg,0,40,0
images/1002.jpg,1,40,0
images/1003.jpg,1,40,0
images/1004.jpg,1,40,0
images/1005.jpg,1,40,0
images/1006.jpg,3,100,2
images/1007.jpg,3,100,2
images/1008.jpg,3,100,2
images/1009.jpg,3,100,2
images/1010.jpg,3,100,2
images/1011.jpg,3,100,2
images/1012.jpg,3,100,2
images/1013.jpg,3,100,2
images/1014.jpg,3,100,2
images/1015.jpg,3,100,2
images/1016.jpg,3,100,2
images/1017.jpg,3,100,2
images/1018.jpg,3,100,2
images/1019.jpg,3,100,2
images/1020.jpg,3,100,2
images/1021.jpg,3,100,2
images/1022.jpg,3,100,2
images/1023.jpg,3,100,2
images/1024.jpg,3,100,2
images/1025.jpg,3,100,2
images/1026.jpg,3,100,2
images/1027.jpg,3,100,2
images/1028.jpg,3,100,2
images/1029.jpg,3,100,2
images/1030.jpg,3,100,2
images/1031.jpg,1,40,0
images/1032.jpg,1,40,0
images/1033.jpg,1,40,0
images/1034.jpg,1,40,0
images/1035.jpg,1,40,0
images/1036.jpg,1,40,0
images/1037.jpg,1,40,0
images/1038.jpg,1,40,0
images/1039.jpg,1,40,0
images/1040.jpg,1,40,0
images/1041.jpg,1,40,0
images/1042.jpg,1,40,0
images/1043.jpg,1,40,0
images/1044.jpg,1,40,0
images/1045.jpg,1,40,0
images/1046.jpg,1,40,0
images/1047.jpg,1,40,0
images/1048.jpg,3,100,2
images/1049.jpg,3,100,2
images/1050.jpg,3,100,2
images/1051.jpg,3,100,2
images/1052.jpg,3,100,2
images/1053.jpg,3,100,2
images/1054.jpg,3,100,2
images/1055.jpg,3,100,2
images/1056.jpg,3,100,2
images/1057.jpg,3,100,2
images/1058.jpg,3,100,2
images/1059.jpg,3,100,2
images/1060.jpg,3,100,2
images/1061.jpg,3,100,2
images/1062.jpg,3,100,2
images/1063.jpg,3,100,2
images/1064.jpg,3,100,2
images/1065.jpg,3,100,2
images/1066.jpg,3,100,2
images/1067.jpg,1,40,0
images/1068.jpg,1,40,0
images/1069.jpg,1,40,0
images/1070.jpg,1,40,0
images/1071.jpg,1,40,0
images/1072.jpg,1,40,0
images/1073.jpg,1,40,0
images/1074.jpg,1,40,0
images/1075.jpg,1,40,0
images/1076.jpg,1,40,0
images/1077.jpg,1,40,0
images/1078.jpg,1,40,0
images/1079.jpg,1,40,0
images/1080.jpg,1,40,0
images/1081.jpg,1,40,0
images/1082.jpg,1,40,0
images/1083.jpg,1,40,0
images/1084.jpg,1,40,0
images/1085.jpg,1,40,0
images/1086.jpg,1,40,0
images/1087.jpg,1,40,0
images/1088.jpg,1,40,0
images/1089.jpg,1,40,0
images/1090.jpg,1,40,0
images/1091.jpg,1,40,0
images/1092.jpg,1,40,0
images/1093.jpg,1,40,0
images/1094.jpg,1,40,0
images/1095.jpg,1,40,0
images/1096.jpg,1,40,0
images/1097.jpg,1,40,0
images/1098.jpg,1,40,0
images/1099.jpg,1,40,0
images/1100.jpg,1,40,0
images/1101.jpg,1,40,0
images/1102.jpg,3,100,2
images/1103.jpg,3,100,2
images/1104.jpg,3,100,2
images/1105.jpg,3,100,2
images/1106.jpg,3,100,2
images/1107.jpg,3,100,2
images/1108.jpg,1,40,0
images/1109.jpg,1,40,0
images/1110.jpg,1,40,0
images/1111.jpg,1,40,0
images/1112.jpg,1,40,0
images/1113.jpg,1,40,0
images/1114.jpg,1,40,0
images/1115.jpg,1,40,0
images/1116.jpg,1,40,0
images/1117.jpg,1,40,0
images/1118.jpg,1,40,0
images/1119.jpg,1,40,0
images/1120.jpg,1,40,0
images/1121.jpg,1,40,0
images/1122.jpg,1,40,0
images/1123.jpg,1,40,0
images/1124.jpg,1,40,0
images/1125.jpg,1,40,0
images/1126.jpg,1,40,0
images/1127.jpg,1,40,0
images/1128.jpg,1,40,0
images/1129.jpg,1,40,0
images/1130.jpg,1,40,0
images/1131.jpg,3,100,2
images/1132.jpg,3,100,2
images/1133.jpg,3,100,2
images/1134.jpg,3,100,2
images/1135.jpg,3,100,2
images/1136.jpg,3,100,2
images/1137.jpg,3,100,2
images/1138.jpg,3,100,2
images/1139.jpg,3,100,2
images/1140.jpg,3,100,2
images/1141.jpg,3,100,2
images/1142.jpg,3,100,2
images/1143.jpg,3,100,2
images/1144.jpg,3,100,2
images/1145.jpg,3,100,2
images/1146.jpg,3,100,2
images/1147.jpg,3,100,2
images/1148.jpg,3,100,2
images/1149.jpg,3,100,2
images/1150.jpg,3,100,2
images/1151.jpg,3,100,2
images/1152.jpg,3,100,2
images/1153.jpg,3,100,2
images/1154.jpg,1,40,0
images/1155.jpg,1,40,0
images/1156.jpg,1,40,0
images/1157.jpg,1,40,0
images/1158.jpg,1,40,0
images/1159.jpg,1,40,0
images/1160.jpg,1,40,0
images/1161.jpg,1,40,0
images/1162.jpg,1,40,0
images/1163.jpg,1,40,0
images/1164.jpg,1,40,0
images/1165.jpg,1,40,0
images/1166.jpg,1,40,0
images/1167.jpg,1,40,0
images/1168.jpg,1,40,0
images/1169.jpg,1,40,0
images/1170.jpg,1,40,0
images/1171.jpg,3,100,2
images/1172.jpg,3,100,2
images/1173.jpg,3,100,2
images/1174.jpg,3,100,2
images/1175.jpg,3,100,2
images/1176.jpg,3,100,2
images/1177.jpg,3,100,2
images/1178.jpg,3,100,2
images/1179.jpg,3,100,2
images/1180.jpg,3,100,2
images/1181.jpg,3,100,2
images/1182.jpg,3,100,2
images/1183.jpg,3,100,2
images/1184.jpg,3,100,2
images/1185.jpg,3,100,2
images/1186.jpg,3,100,2
images/1187.jpg,3,100,2
images/1188.jpg,1,40,0
images/1189.jpg,1,40,0
images/1190.jpg,1,40,0
images/1191.jpg,1,40,0
images/1192.jpg,1,40,0
images/1193.jpg,1,40,0
images/1194.jpg,3,100,2
images/1195.jpg,3,100,2
images/1196.jpg,3,100,2
images/1197.jpg,3,100,2
images/1198.jpg,3,100,2
images/1199.jpg,0,40,0
images/1200.jpg,0,40,0
images/1201.jpg,0,40,0
images/1202.jpg,0,40,0
images/1203.jpg,0,40,0
images/1204.jpg,0,40,0
images/1205.jpg,0,40,0
images/1206.jpg,0,40,0
images/1207.jpg,0,40,0
images/1208.jpg,0,40,0
images/1209.jpg,0,40,0
images/1210.jpg,0,60,0
images/1211.jpg,0,60,0
images/1212.jpg,0,60,0
images/1213.jpg,0,60,0
images/1214.jpg,0,60,0
images/1215.jpg,1,60,0
images/1216.jpg,1,60,0
images/1217.jpg,1,60,0
images/1218.jpg,1,60,0
images/1219.jpg,1,60,0
images/1220.jpg,1,60,0
images/1221.jpg,1,60,0
images/1222.jpg,1,60,0
images/1223.jpg,1,60,0
images/1224.jpg,1,60,0
images/1225.jpg,1,60,0
images/1226.jpg,1,60,0
images/1227.jpg,1,60,0
images/1228.jpg,1,60,0
images/1229.jpg,1,60,0
images/1230.jpg,1,60,0
images/1231.jpg,1,60,0
images/1232.jpg,1,60,0
images/1233.jpg,1,60,0
images/1234.jpg,1,60,0
images/1235.jpg,1,60,0
images/1236.jpg,1,60,0
images/1237.jpg,1,60,0
images/1238.jpg,1,60,0
images/1239.jpg,3,100,2
images/1240.jpg,3,100,2
images/1241.jpg,3,100,2
images/1242.jpg,3,100,2
images/1243.jpg,3,100,2
images/1244.jpg,3,100,2
images/1245.jpg,1,60,0
images/1246.jpg,1,60,0
images/1247.jpg,1,60,0
images/1248.jpg,1,60,0
images/1249.jpg,1,60,0
images/1250.jpg,1,60,0
images/1251.jpg,1,60,0
images/1252.jpg,1,60,0
images/1253.jpg,1,60,0
images/1254.jpg,1,60,0
images/1255.jpg,1,60,0
images/1256.jpg,1,60,0
images/1257.jpg,1,60,0
images/1258.jpg,1,60,0
images/1259.jpg,1,60,0
images/1260.jpg,1,60,0
images/1261.jpg,1,60,0
images/1262.jpg,3,100,2
images/1263.jpg,3,100,2
images/1264.jpg,3,100,2
images/1265.jpg,3,100,2
images/1266.jpg,3,100,2
images/1267.jpg,3,100,2
images/1268.jpg,3,100,2
images/1269.jpg,3,100,2
images/1270.jpg,3,100,2
images/1271.jpg,3,100,2
images/1272.jpg,3,100,2
images/1273.jpg,3,100,2
images/1274.jpg,3,100,2
images/1275.jpg,3,100,2
images/1276.jpg,3,100,2
images/1277.jpg,3,100,2
images/1278.jpg,3,100,2
images/1279.jpg,3,100,2
images/1280.jpg,3,100,2
images/1281.jpg,3,100,2
images/1282.jpg,3,100,2
images/1283.jpg,3,100,2
images/1284.jpg,3,100,2
images/1285.jpg,3,100,2
images/1286.jpg,1,60,0
images/1287.jpg,1,60,0
images/1288.jpg,1,60,0
images/1289.jpg,1,60,0
images/1290.jpg,1,60,0
images/1291.jpg,1,60,0
images/1292.jpg,1,60,0
images/1293.jpg,1,60,0
images/1294.jpg,1,60,0
images/1295.jpg,1,60,0
images/1296.jpg,1,60,0
images/1297.jpg,1,60,0
images/1298.jpg,1,60,0
images/1299.jpg,1,60,0
images/1300.jpg,1,60,0
images/1301.jpg,3,100,2
images/1302.jpg,3,100,2
images/1303.jpg,3,100,2
images/1304.jpg,3,100,2
images/1305.jpg,3,100,2
images/1306.jpg,3,100,2
images/1307.jpg,3,100,2
images/1308.jpg,3,100,2
images/1309.jpg,3,100,2
images/1310.jpg,3,100,2
images/1311.jpg,3,100,2
images/1312.jpg,3,100,2
images/1313.jpg,3,100,2
images/1314.jpg,3,100,2
images/1315.jpg,3,100,2
images/1316.jpg,3,100,2
images/1317.jpg,3,100,2
images/1318.jpg,3,100,2
images/1319.jpg,3,100,2
images/1320.jpg,3,100,2
images/1321.jpg,1,60,0
images/1322.jpg,1,60,0
images/1323.jpg,1,60,0
images/1324.jpg,1,60,0
images/1325.jpg,1,60,0
images/1326.jpg,1,60,0
images/1327.jpg,1,60,0
images/1328.jpg,1,60,0
images/1329.jpg,1,60,0
images/1330.jpg,3,100,2
images/1331.jpg,3,100,2
images/1332.jpg,3,100,2
images/1333.jpg,3,100,2
images/1334.jpg,3,100,2
images/1335.jpg,1,60,0
images/1336.jpg,1,60,0
images/1337.jpg,1,60,0
images/1338.jpg,1,60,0
images/1339.jpg,1,60,0
images/1340.jpg,1,60,0
images/1341.jpg,1,60,0
images/1342.jpg,1,60,0
images/1343.jpg,1,60,0
images/1344.jpg,1,60,0
images/1345.jpg,1,60,0
images/1346.jpg,1,60,0
images/1347.jpg,1,60,0
images/1348.jpg,1,60,0
images/1349.jpg,1,60,0
images/1350.jpg,1,60,0
images/1351.jpg,1,60,0
images/1352.jpg,1,60,0
images/1353.jpg,1,60,0
images/1354.jpg,1,60,0
images/1355.jpg,1,60,0
images/1356.jpg,3,100,2
images/1357.jpg,3,100,2
images/1358.jpg,3,100,2
images/1359.jpg,3,100,2
images/1360.jpg,3,100,2
images/1361.jpg,3,100,2
images/1362.jpg,1,60,0
images/1363.jpg,1,60,0
images/1364.jpg,1,60,0
images/1365.jpg,1,60,0
images/1366.jpg,1,60,0
images/1367.jpg,1,60,0
images/1368.jpg,1,60,0
images/1369.jpg,1,60,0
images/1370.jpg,1,60,0
images/1371.jpg,1,60,0
images/1372.jpg,1,60,0
images/1373.jpg,1,60,0
images/1374.jpg,1,60,0
images/1375.jpg,1,60,0
images/1376.jpg,1,60,0
images/1377.jpg,1,60,0
images/1378.jpg,1,60,0
images/1379.jpg,1,60,0
images/1380.jpg,3,100,2
images/1381.jpg,3,100,2
images/1382.jpg,3,100,2
images/1383.jpg,3,100,2
images/1384.jpg,3,100,2
images/1385.jpg,3,100,2
images/1386.jpg,3,100,2
images/1387.jpg,3,100,2
images/1388.jpg,3,100,2
images/1389.jpg,3,100,2
images/1390.jpg,1,60,0
images/1391.jpg,1,60,0
images/1392.jpg,1,60,0
images/1393.jpg,1,60,0
images/1394.jpg,4,100,2
images/1395.jpg,0,60,0
images/1396.jpg,0,60,0
images/1397.jpg,2,60,0
images/1398.jpg,2,60,0
images/1399.jpg,2,60,0
images/1400.jpg,2,60,0
images/1401.jpg,2,60,0
images/1402.jpg,0,60,0
images/1403.jpg,0,60,0
images/1404.jpg,0,60,0
images/1405.jpg,4,100,2
images/1406.jpg,4,100,2
images/1407.jpg,4,100,2
images/1408.jpg,4,100,2
images/1409.jpg,4,100,2
images/1410.jpg,4,100,2
images/1411.jpg,0,60,0
images/1412.jpg,0,60,0
images/1413.jpg,0,60,0
images/1414.jpg,0,60,0
images/1415.jpg,0,60,0
images/1416.jpg,0,60,0
images/1417.jpg,1,60,0
images/1418.jpg,1,60,0
images/1419.jpg,1,60,0
images/1420.jpg,1,60,0
images/1421.jpg,1,60,0
images/1422.jpg,1,60,0
images/1423.jpg,3,100,2
images/1424.jpg,3,100,2
images/1425.jpg,3,100,2
images/1426.jpg,3,100,2
images/1427.jpg,3,100,2
images/1428.jpg,3,100,2
images/1429.jpg,3,100,2
images/1430.jpg,3,100,2
images/1431.jpg,3,100,2
images/1432.jpg,3,100,2
images/1433.jpg,3,100,2
images/1434.jpg,3,100,2
images/1435.jpg,3,100,2
images/1436.jpg,3,100,2
images/1437.jpg,3,100,2
images/1438.jpg,3,100,2
images/1439.jpg,3,100,2
images/1440.jpg,3,100,2
images/1441.jpg,3,100,2
images/1442.jpg,3,100,2
images/1443.jpg,3,100,2
images/1444.jpg,3,100,2
images/1445.jpg,3,100,2
images/1446.jpg,3,100,2
images/1447.jpg,3,100,2
images/1448.jpg,1,60,0
images/1449.jpg,1,60,0
images/1450.jpg,1,60,0
images/1451.jpg,1,60,0
images/1452.jpg,1,60,0
images/1453.jpg,1,60,0
images/1454.jpg,1,60,0
images/1455.jpg,1,60,0
images/1456.jpg,1,60,0
images/1457.jpg,1,60,0
images/1458.jpg,3,100,2
images/1459.jpg,3,100,2
images/1460.jpg,3,100,2
images/1461.jpg,3,100,2
images/1462.jpg,3,100,2
images/1463.jpg,3,100,2
images/1464.jpg,3,100,2
images/1465.jpg,1,60,0
images/1466.jpg,1,60,0
images/1467.jpg,1,60,0
images/1468.jpg,1,60,0
images/1469.jpg,3,100,2
images/1470.jpg,3,100,2
images/1471.jpg,3,100,2
images/1472.jpg,3,100,2
images/1473.jpg,3,100,2
images/1474.jpg,3,100,2
images/1475.jpg,0,60,0
images/1476.jpg,1,60,0
images/1477.jpg,1,60,0
images/1478.jpg,1,60,0
images/1479.jpg,1,60,0
images/1480.jpg,1,60,0
images/1481.jpg,1,60,0
images/1482.jpg,1,60,0
images/1483.jpg,1,60,0
images/1484.jpg,3,100,2
images/1485.jpg,3,100,2
images/1486.jpg,3,100,2
images/1487.jpg,0,60,0
images/1488.jpg,1,60,0
images/1489.jpg,1,60,0
images/1490.jpg,1,60,0
images/1491.jpg,1,60,0
images/1492.jpg,1,60,0
images/1493.jpg,1,60,0
images/1494.jpg,1,60,0
images/1495.jpg,1,60,0
images/1496.jpg,1,60,0
images/1497.jpg,1,60,0
images/1498.jpg,3,100,2
images/1499.jpg,3,100,2
images/1500.jpg,3,100,2
images/1501.jpg,1,60,0
images/1502.jpg,1,60,0
images/1503.jpg,1,60,0
images/1504.jpg,1,60,0
images/1505.jpg,1,60,0
images/1506.jpg,1,60,0
images/1507.jpg,1,60,0
images/1508.jpg,3,100,2
images/1509.jpg,3,100,2
images/1510.jpg,3,100,2
images/1511.jpg,3,100,2
images/1512.jpg,3,100,2
images/1513.jpg,3,100,2
images/1514.jpg,1,60,0
images/1515.jpg,1,60,0
images/1516.jpg,1,60,0
images/1517.jpg,1,60,0
images/1518.jpg,1,60,0
images/1519.jpg,1,60,0
images/1520.jpg,1,60,0
images/1521.jpg,1,60,0
images/1522.jpg,1,60,0
images/1523.jpg,1,60,0
images/1524.jpg,1,60,0
images/1525.jpg,1,60,0
images/1526.jpg,1,60,0
images/1527.jpg,3,100,2
images/1528.jpg,3,100,2
images/1529.jpg,3,100,2
images/1530.jpg,3,100,2
images/1531.jpg,3,100,2
images/1532.jpg,3,100,2
images/1533.jpg,3,100,2
images/1534.jpg,3,100,2
images/1535.jpg,3,100,2
images/1536.jpg,3,100,2
images/1537.jpg,3,100,2
images/1538.jpg,3,100,2
images/1539.jpg,3,100,2
images/1540.jpg,3,100,2
images/1541.jpg,3,100,2
images/1542.jpg,3,100,2
images/1543.jpg,3,100,2
images/1544.jpg,3,100,2
images/1545.jpg,3,100,2
images/1546.jpg,3,100,2
images/1547.jpg,3,100,2
images/1548.jpg,3,100,2
images/1549.jpg,3,100,2
images/1550.jpg,3,100,2
images/1551.jpg,3,100,2
images/1552.jpg,3,100,2
images/1553.jpg,1,60,0
images/1554.jpg,1,60,0
images/1555.jpg,1,60,0
images/1556.jpg,1,60,0
images/1557.jpg,1,60,0
images/1558.jpg,1,60,0
images/1559.jpg,1,60,0
images/1560.jpg,1,60,0
images/1561.jpg,1,60,0
images/1562.jpg,1,60,0
images/1563.jpg,1,60,0
images/1564.jpg,1,60,0
images/1565.jpg,1,60,0
images/1566.jpg,1,60,0
images/1567.jpg,3,100,2
images/1568.jpg,3,100,2
images/1569.jpg,3,100,2
images/1570.jpg,3,100,2
images/1571.jpg,3,100,2
images/1572.jpg,3,100,2
images/1573.jpg,3,100,2
images/1574.jpg,3,100,2
images/1575.jpg,3,100,2
images/1576.jpg,3,100,2
images/1577.jpg,3,100,2
images/1578.jpg,3,100,2
images/1579.jpg,3,100,2
images/1580.jpg,3,100,2
images/1581.jpg,3,100,2
images/1582.jpg,3,100,2
images/1583.jpg,3,100,2
images/1584.jpg,3,100,2
images/1585.jpg,3,100,2
images/1586.jpg,3,100,2
images/1587.jpg,3,100,2
images/1588.jpg,0,60,0
images/1589.jpg,0,60,0
images/1590.jpg,0,60,0
images/1591.jpg,0,60,0
images/1592.jpg,0,100,0
images/1593.jpg,0,100,0
images/1594.jpg,0,100,0
images/1595.jpg,0,100,0
images/1596.jpg,0,100,0
images/1597.jpg,1,100,0
images/1598.jpg,1,100,0
images/1599.jpg,1,100,0
images/1600.jpg,1,100,0
images/1601.jpg,3,100,2
images/1602.jpg,3,100,2
images/1603.jpg,3,100,2
images/1604.jpg,3,100,2
images/1605.jpg,3,100,2
images/1606.jpg,3,100,2
images/1607.jpg,1,100,0
images/1608.jpg,1,100,0
images/1609.jpg,1,100,0
images/1610.jpg,1,100,0
images/1611.jpg,1,100,0
images/1612.jpg,1,100,0
images/1613.jpg,1,100,0
images/1614.jpg,1,100,0
images/1615.jpg,1,100,0
images/1616.jpg,1,100,0
images/1617.jpg,1,100,0
images/1618.jpg,1,100,0
images/1619.jpg,1,100,0
images/1620.jpg,1,100,0
images/1621.jpg,1,100,0
images/1622.jpg,3,100,2
images/1623.jpg,3,100,2
images/1624.jpg,3,100,2
images/1625.jpg,3,100,2
images/1626.jpg,3,100,2
images/1627.jpg,3,100,2
images/1628.jpg,1,100,0
images/1629.jpg,1,100,0
images/1630.jpg,1,100,0
images/1631.jpg,1,100,0
images/1632.jpg,1,100,0
images/1633.jpg,1,100,0
images/1634.jpg,1,100,0
images/1635.jpg,1,100,0
images/1636.jpg,1,100,0
images/1637.jpg,1,100,0
images/1638.jpg,1,100,0
images/1639.jpg,1,100,0
images/1640.jpg,1,100,0
images/1641.jpg,3,100,2
images/1642.jpg,3,100,2
images/1643.jpg,3,100,2
images/1644.jpg,3,100,2
images/1645.jpg,3,100,2
images/1646.jpg,3,100,2
images/1647.jpg,3,100,2
images/1648.jpg,3,100,2
images/1649.jpg,3,100,2
images/1650.jpg,3,100,2
images/1651.jpg,0,100,0
images/1652.jpg,0,100,0
images/1653.jpg,0,100,0
images/1654.jpg,3,100,2
images/1655.jpg,3,100,2
images/1656.jpg,3,100,2
images/1657.jpg,3,100,2
images/1658.jpg,3,100,2
images/1659.jpg,0,100,0
images/1660.jpg,0,100,0
images/1661.jpg,2,100,0
images/1662.jpg,2,100,0
images/1663.jpg,2,100,0
images/1664.jpg,2,100,0
images/1665.jpg,0,100,0
images/1666.jpg,0,100,0
images/1667.jpg,0,100,0
images/1668.jpg,1,100,0
images/1669.jpg,1,100,0
images/1670.jpg,1,100,0
images/1671.jpg,3,100,2
images/1672.jpg,3,100,2
images/1673.jpg,3,100,2
images/1674.jpg,3,100,2
images/1675.jpg,3,100,2
images/1676.jpg,3,100,2
images/1677.jpg,3,100,2
images/1678.jpg,3,100,2
images/1679.jpg,3,100,2
images/1680.jpg,3,100,2
images/1681.jpg,3,100,2
images/1682.jpg,3,100,2
images/1683.jpg,3,100,2
images/1684.jpg,3,100,2
images/1685.jpg,3,100,2
images/1686.jpg,3,100,2
images/1687.jpg,3,100,2
images/1688.jpg,3,100,2
images/1689.jpg,3,100,2
images/1690.jpg,3,100,2
images/1691.jpg,1,100,0
images/1692.jpg,1,100,0
images/1693.jpg,1,100,0
images/1694.jpg,1,100,0
images/1695.jpg,1,100,0
images/1696.jpg,1,100,0
images/1697.jpg,1,100,0
images/1698.jpg,1,100,0
images/1699.jpg,3,100,2
images/1700.jpg,3,100,2
images/1701.jpg,3,100,2
images/1702.jpg,3,100,2
images/1703.jpg,3,100,2
images/1704.jpg,3,100,2
images/1705.jpg,3,100,2
images/1706.jpg,3,100,2
images/1707.jpg,3,100,2
images/1708.jpg,3,100,2
images/1709.jpg,3,100,2
images/1710.jpg,3,100,2
images/1711.jpg,3,100,2
images/1712.jpg,1,100,0
images/1713.jpg,1,100,0
images/1714.jpg,1,100,0
images/1715.jpg,1,100,0
images/1716.jpg,1,100,0
images/1717.jpg,3,100,2
images/1718.jpg,3,100,2
images/1719.jpg,3,100,2
images/1720.jpg,3,100,2
images/1721.jpg,3,100,2
images/1722.jpg,3,100,2
images/1723.jpg,3,100,2
images/1724.jpg,3,100,2
images/1725.jpg,3,100,2
images/1726.jpg,3,100,2
images/1727.jpg,3,100,2
images/1728.jpg,3,100,2
images/1729.jpg,3,100,2
images/1730.jpg,1,100,0
images/1731.jpg,1,100,0
images/1732.jpg,1,100,0
images/1733.jpg,1,100,0
images/1734.jpg,3,100,2
images/1735.jpg,3,100,2
images/1736.jpg,3,100,2
images/1737.jpg,3,100,2
images/1738.jpg,3,100,2
images/1739.jpg,3,100,2
images/1740.jpg,3,100,2
images/1741.jpg,1,100,0
images/1742.jpg,1,100,0
images/1743.jpg,1,100,0
images/1744.jpg,1,100,0
images/1745.jpg,1,100,0
images/1746.jpg,1,100,0
images/1747.jpg,1,100,0
images/1748.jpg,1,100,0
images/1749.jpg,1,100,0
images/1750.jpg,1,100,0
images/1751.jpg,1,100,0
images/1752.jpg,3,100,2
images/1753.jpg,3,100,2
images/1754.jpg,3,100,2
images/1755.jpg,3,100,2
images/1756.jpg,3,100,2
images/1757.jpg,3,100,2
images/1758.jpg,1,100,0
images/1759.jpg,1,100,0
images/1760.jpg,1,100,0
images/1761.jpg,1,100,0
images/1762.jpg,1,100,0
images/1763.jpg,1,100,0
images/1764.jpg,1,100,0
images/1765.jpg,1,100,0
images/1766.jpg,1,100,0
images/1767.jpg,1,100,0
images/1768.jpg,1,100,0
images/1769.jpg,1,100,0
images/1770.jpg,3,100,2
images/1771.jpg,3,100,2
images/1772.jpg,3,100,2
images/1773.jpg,3,100,2
images/1774.jpg,3,100,2
images/1775.jpg,3,100,2
images/1776.jpg,3,100,2
images/1777.jpg,3,100,2
images/1778.jpg,3,100,2
images/1779.jpg,3,100,2
images/1780.jpg,3,100,2
images/1781.jpg,3,100,2
images/1782.jpg,3,100,2
images/1783.jpg,3,100,2
images/1784.jpg,3,100,2
images/1785.jpg,3,100,2
images/1786.jpg,3,100,2
images/1787.jpg,3,100,2
images/1788.jpg,3,100,2
images/1789.jpg,3,100,2
images/1790.jpg,3,100,2
images/1791.jpg,3,100,2
images/1792.jpg,3,100,2
images/1793.jpg,3,100,2
images/1794.jpg,3,100,2
images/1795.jpg,3,100,2
images/1796.jpg,3,100,2
images/1797.jpg,3,100,2
images/1798.jpg,3,100,2
images/1799.jpg,1,100,0
images/1800.jpg,1,100,0
images/1801.jpg,1,100,0
images/1802.jpg,1,100,0
images/1803.jpg,1,100,0
images/1804.jpg,1,100,0
images/1805.jpg,1,100,0
images/1806.jpg,1,100,0
images/1807.jpg,1,100,0
images/1808.jpg,1,100,0
images/1809.jpg,1,100,0
images/1810.jpg,1,100,0
images/1811.jpg,1,100,0
images/1812.jpg,3,100,2
images/1813.jpg,3,100,2
images/1814.jpg,3,100,2
images/1815.jpg,3,100,2
images/1816.jpg,3,100,2
images/1817.jpg,3,100,2
images/1818.jpg,3,100,2
images/1819.jpg,3,100,2
images/1820.jpg,3,100,2
images/1821.jpg,3,100,2
images/1822.jpg,3,100,2
images/1823.jpg,3,100,2
images/1824.jpg,3,100,2
images/1825.jpg,3,100,2
images/1826.jpg,3,100,2
images/1827.jpg,3,100,2
images/1828.jpg,3,100,2
images/1829.jpg,3,100,2
images/1830.jpg,3,100,2
images/1831.jpg,3,100,2
images/1832.jpg,3,100,2
images/1833.jpg,3,100,2
images/1834.jpg,3,100,2
images/1835.jpg,3,100,2
images/1836.jpg,3,100,2
images/1837.jpg,3,100,2
images/1838.jpg,1,100,0
images/1839.jpg,1,100,0
images/1840.jpg,1,100,0
images/1841.jpg,1,100,0
images/1842.jpg,1,100,0
images/1843.jpg,3,100,2
images/1844.jpg,3,100,2
images/1845.jpg,3,100,2
images/1846.jpg,3,100,2
images/1847.jpg,3,100,2
images/1848.jpg,3,100,2
images/1849.jpg,3,100,2
images/1850.jpg,1,100,0
images/1851.jpg,1,100,0
images/1852.jpg,1,100,0
images/1853.jpg,1,100,0
images/1854.jpg,1,100,0
images/1855.jpg,1,100,0
images/1856.jpg,1,100,0
images/1857.jpg,1,100,0
images/1858.jpg,1,100,0
images/1859.jpg,1,100,0
images/1860.jpg,1,100,0
images/1861.jpg,1,100,0
images/1862.jpg,1,100,0
images/1863.jpg,1,100,0
images/1864.jpg,1,100,0
images/1865.jpg,1,100,0
images/1866.jpg,1,100,0
images/1867.jpg,1,100,0
images/1868.jpg,1,100,0
images/1869.jpg,3,100,2
images/1870.jpg,3,100,2
images/1871.jpg,3,100,2
images/1872.jpg,3,100,2
images/1873.jpg,3,100,2
images/1874.jpg,3,100,2
images/1875.jpg,3,100,2
images/1876.jpg,3,100,2
images/1877.jpg,3,100,2
images/1878.jpg,3,100,2
images/1879.jpg,3,100,2
images/1880.jpg,1,100,0
images/1881.jpg,1,100,0
images/1882.jpg,1,100,0
images/1883.jpg,1,100,0
images/1884.jpg,3,100,2
images/1885.jpg,3,100,2
images/1886.jpg,3,100,2
images/1887.jpg,3,100,2
images/1888.jpg,3,100,2
images/1889.jpg,3,100,2
images/1890.jpg,3,100,2
images/1891.jpg,3,100,2
images/1892.jpg,3,100,2
images/1893.jpg,3,100,2
images/1894.jpg,3,100,2
images/1895.jpg,3,100,2
images/1896.jpg,3,100,2
images/1897.jpg,3,100,2
images/1898.jpg,3,100,2
images/1899.jpg,3,100,2
images/1900.jpg,3,100,2
images/1901.jpg,3,100,2
images/1902.jpg,3,100,2
images/1903.jpg,3,100,2
images/1904.jpg,1,100,0
images/1905.jpg,1,100,0
images/1906.jpg,1,100,0
images/1907.jpg,1,100,0
images/1908.jpg,1,100,0
images/1909.jpg,1,100,0
images/1910.jpg,1,100,0
images/1911.jpg,1,100,0
images/1912.jpg,3,100,2
images/1913.jpg,3,100,2
images/1914.jpg,3,100,2
images/1915.jpg,3,100,2
images/1916.jpg,3,100,2
images/1917.jpg,3,100,2
images/1918.jpg,3,100,2
images/1919.jpg,1,100,0
images/1920.jpg,1,100,0
images/1921.jpg,1,100,0
images/1922.jpg,1,100,0
images/1923.jpg,1,100,0
images/1924.jpg,1,100,0
images/1925.jpg,3,100,2
images/1926.jpg,3,100,2
images/1927.jpg,3,100,2
images/1928.jpg,3,100,2
images/1929.jpg,3,100,2
images/1930.jpg,3,100,2
images/1931.jpg,3,100,2
images/1932.jpg,3,100,2
images/1933.jpg,3,100,2
images/1934.jpg,3,100,2
images/1935.jpg,3,100,2
images/1936.jpg,3,100,2
images/1937.jpg,3,100,2
images/1938.jpg,3,100,2
images/1939.jpg,3,100,2
images/1940.jpg,3,100,2
images/1941.jpg,3,100,2
images/1942.jpg,3,100,2
images/1943.jpg,3,100,2
images/1944.jpg,3,100,2
images/1945.jpg,3,100,2
images/1946.jpg,3,100,2
images/1947.jpg,3,100,2
images/1948.jpg,3,100,2
images/1949.jpg,1,100,0
images/1950.jpg,1,100,0
images/1951.jpg,1,100,0
images/1952.jpg,1,100,0
images/1953.jpg,1,100,0
images/1954.jpg,1,100,0
images/1955.jpg,1,100,0
images/1956.jpg,1,100,0
images/1957.jpg,1,100,0
images/1958.jpg,1,100,0
images/1959.jpg,1,100,0
images/1960.jpg,1,100,0
images/1961.jpg,1,100,0
images/1962.jpg,1,100,0
images/1963.jpg,1,100,0
images/1964.jpg,1,100,0
images/1965.jpg,1,100,0
images/1966.jpg,1,100,0
images/1967.jpg,1,100,0
images/1968.jpg,1,100,0
images/1969.jpg,1,100,0
images/1970.jpg,1,100,0
images/1971.jpg,1,100,0
images/1972.jpg,1,100,0
images/1973.jpg,1,100,0
images/1974.jpg,1,100,0
images/1975.jpg,1,100,0
images/1976.jpg,1,100,0
images/1977.jpg,1,100,0
images/1978.jpg,3,100,2
images/1979.jpg,3,100,2
images/1980.jpg,3,100,2
images/1981.jpg,3,100,2
images/1982.jpg,3,100,2
images/1983.jpg,3,100,2
images/1984.jpg,3,100,2
images/1985.jpg,3,100,2
images/1986.jpg,3,100,2
images/1987.jpg,1,100,0
images/1988.jpg,1,100,0
images/1989.jpg,0,100,0
images/1990.jpg,0,100,0
images/1991.jpg,0,100,0
images/1992.jpg,0,100,0
images/1993.jpg,0,100,0
images/1994.jpg,0,100,0
images/1995.jpg,0,100,0
images/1996.jpg,0,100,0
images/1997.jpg,0,100,0
images/1998.jpg,0,100,0
images/1999.jpg,0,100,0
images/2000.jpg,0,100,0
images/2001.jpg,0,100,0
images/2002.jpg,0,100,0
images/2003.jpg,0,100,0
images/2004.jpg,0,100,0
images/2005.jpg,0,100,0
images/2006.jpg,0,100,0
images/2007.jpg,0,100,0
images/2008.jpg,0,100,0
images/2009.jpg,0,100,0
images/2010.jpg,0,100,0
images/2011.jpg,0,100,0
images/2012.jpg,0,100,0
images/2013.jpg,0,100,0
images/2014.jpg,0,100,0
images/2015.jpg,0,100,0
images/2016.jpg,0,100,0
images/2017.jpg,0,100,0
images/2018.jpg,0,100,0
images/2019.jpg,0,100,0
images/2020.jpg,0,100,0
images/2021.jpg,0,100,0
images/2022.jpg,0,100,0
images/2023.jpg,0,100,0
images/2024.jpg,0,100,0
images/2025.jpg,0,100,0
images/2026.jpg,0,100,0
images/2027.jpg,0,100,0
images/2028.jpg,0,100,0
images/2029.jpg,0,100,0
images/2030.jpg,0,100,0
images/2031.jpg,0,100,0
images/2032.jpg,0,100,0
images/2033.jpg,0,100,0
images/2034.jpg,0,100,0
images/2035.jpg,0,100,0
images/2036.jpg,0,100,0
images/2037.jpg,0,100,0
images/2038.jpg,0,100,0
images/2039.jpg,0,100,0
images/2040.jpg,0,100,0
images/2041.jpg,0,100,0
images/2042.jpg,0,100,0
images/2043.jpg,0,100,0
images/2044.jpg,0,100,0
images/2045.jpg,0,100,0
images/2046.jpg,0,100,0
images/2047.jpg,0,100,0
images/2048.jpg,0,100,0
images/2049.jpg,0,100,0
images/2050.jpg,0,100,0
images/2051.jpg,0,100,0
images/2052.jpg,0,100,0
images/2053.jpg,0,100,0
images/2054.jpg,0,100,0
images/2055.jpg,0,100,0
images/2056.jpg,0,100,0
images/2057.jpg,0,100,0
images/2058.jpg,0,100,0
images/2059.jpg,0,100,0
images/2060.jpg,0,100,0
images/2061.jpg,0,100,0
images/2062.jpg,0,100,0
images/2063.jpg,0,100,0
images/2064.jpg,0,100,0
images/2065.jpg,0,100,0
images/2066.jpg,0,100,0
images/2067.jpg,0,100,0
images/2068.jpg,0,100,0
images/2069.jpg,0,100,0
images/2070.jpg,0,100,0
images/2071.jpg,0,100,0
images/2072.jpg,0,100,0
images/2073.jpg,0,100,0
images/2074.jpg,0,100,0
images/2075.jpg,0,100,0
images/2076.jpg,0,100,0
images/2077.jpg,0,100,0
images/2078.jpg,0,100,0
images/2079.jpg,0,100,0
images/2080.jpg,0,100,0
images/2081.jpg,0,100,0
images/2082.jpg,0,100,0
images/2083.jpg,0,100,0
images/2084.jpg,0,100,0
images/2085.jpg,0,100,0
images/2086.jpg,0,100,0
images/2087.jpg,0,100,0
images/2088.jpg,0,100,0
images/2089.jpg,0,100,0
images/2090.jpg,0,100,0
images/2091.jpg,0,100,0
images/2092.jpg,0,100,0
images/2093.jpg,0,100,0
images/2094.jpg,0,100,0
images/2095.jpg,0,100,0
images/2096.jpg,0,100,0
images/2097.jpg,0,100,0
images/2098.jpg,0,100,0
images/2099.jpg,0,100,0
images/2100.jpg,0,100,0
images/2101.jpg,0,100,0
images/2102.jpg,0,100,0
images/2103.jpg,0,100,0
images/2104.jpg,0,100,0
images/2105.jpg,0,100,0
images/2106.jpg,0,100,0
images/2107.jpg,0,100,0
images/2108.jpg,0,100,0
images/2109.jpg,0,100,0
images/2110.jpg,0,100,0
images/2111.jpg,0,100,0
images/2112.jpg,0,100,0
images/2113.jpg,0,100,0
images/2114.jpg,0,100,0
images/2115.jpg,0,100,0
images/2116.jpg,0,100,0
images/2117.jpg,0,100,0
images/2118.jpg,0,100,0
images/2119.jpg,0,100,0
images/2120.jpg,0,100,0
images/2121.jpg,0,100,0
images/2122.jpg,0,100,0
images/2123.jpg,0,100,0
images/2124.jpg,0,100,0
images/2125.jpg,0,100,0
images/2126.jpg,0,100,0
images/2127.jpg,0,100,0
images/2128.jpg,0,100,0
images/2129.jpg,0,100,0
images/2130.jpg,0,100,0
images/2131.jpg,0,100,0
images/2132.jpg,0,100,0
images/2133.jpg,0,100,0
images/2134.jpg,0,100,0
images/2135.jpg,0,100,0
images/2136.jpg,0,100,0
images/2137.jpg,0,100,0
images/2138.jpg,0,100,0
images/2139.jpg,0,100,0
images/2140.jpg,0,100,0
images/2141.jpg,0,100,0
images/2142.jpg,0,100,0
images/2143.jpg,0,100,0
images/2144.jpg,0,100,0
images/2145.jpg,0,100,0
images/2146.jpg,0,100,0
images/2147.jpg,0,100,0
images/2148.jpg,0,100,0
images/2149.jpg,0,100,0
images/2150.jpg,0,100,0
